wave,age,healthy_eater,enjoy_mr_savory,enjoy_mr_spicy,enjoy_mr_sweet,veg_enjoy_ca_healthy,veg_enjoy_ca_tasty,veg_enjoy_ca_filling,veg_enjoy_ca_env,ratings_numa_avocado,ratings_numa_brussel_sprout,ratings_numa_carrot,ratings_numa_daikon,ratings_numa_eggplant,ratings_numa_fennel,funnel_aware_mr_1,funnel_aware_mr_2,funnel_consider_mr_1,funnel_consider_mr_2,funnel_buy_mr_1,funnel_buy_mr_2,weight,last_vegetable,last_vegetable_date
1,25.0,2,1,2,2,3,5,1,3,69.0,53.0,88.0,69.0,No Data,95.0,1,1,-1,1,-1,1,0.8,Carrot,2019-01-04
1,43.0,1,2,1,1,1,1,1,2,62.0,59.0,94.0,80.0,65.0,88.0,1,1,1,1,1,1,1.2,Avocado,2019-11-25
1,20.0,1,1,2,1,1,1,1,-1,61.0,57.0,87.0,75.0,71.0,85.0,1,1,1,1,1,1,1.2,Pepper,2019-04-04
1,39.0,1,2,1,1,1,1,3,3,68.0,32.0,94.0,51.0,69.0,90.0,1,1,1,1,1,1,1.2,Onion,2019-03-29
1,31.0,2,1,2,1,5,1,4,4,70.0,45.0,86.0,93.0,67.0,No Data,1,1,1,1,1,1,0.8,Green beans,2019-11-16
1,50.0,2,2,2,1,5,4,3,3,63.0,34.0,63.0,78.0,78.0,83.0,1,1,1,-1,1,-1,0.8,Green beans,No Data
1,33.0,2,2,2,1,2,3,5,1,69.0,31.0,78.0,66.0,71.0,87.0,1,1,1,1,1,1,0.8,Pepper,2019-01-03
1,29.0,2,2,2,2,4,5,3,4,67.0,31.0,83.0,91.0,60.0,83.0,1,1,2,1,3,1,0.8,Carrot,2019-09-11
1,52.0,1,1,1,1,2,1,3,2,75.0,46.0,91.0,89.0,56.0,92.0,1,1,1,1,1,1,1.2,Avocado,2019-02-08
1,39.0,1,1,1,1,1,4,3,-1,81.0,41.0,80.0,57.0,81.0,93.0,1,1,1,1,1,1,1.2,Avocado,2019-12-22
1,62.0,1,2,1,1,2,1,3,1,78.0,36.0,91.0,64.0,70.0,92.0,1,2,1,3,1,3,1.2,Onion,2019-05-22
1,39.0,1,2,1,1,2,1,1,2,69.0,35.0,91.0,58.0,58.0,86.0,1,1,1,1,1,1,1.2,Avocado,2019-04-16
1,18.0,2,1,1,1,4,3,3,4,74.0,96.0,82.0,89.0,84.0,No Data,1,1,1,1,1,1,0.8,Avocado,2019-08-25
1,56.0,2,1,1,1,1,5,5,-1,70.0,94.0,83.0,78.0,67.0,84.0,1,1,1,1,1,-1,0.8,Avocado,No Data
1,64.0,2,2,1,1,4,4,3,1,64.0,34.0,65.0,No Data,84.0,94.0,1,1,1,1,2,1,0.8,Green beans,2019-08-21
1,41.0,2,2,2,1,1,1,5,3,60.0,33.0,60.0,57.0,88.0,84.0,-1,1,-1,1,-1,1,0.8,Avocado,2019-03-23
1,No Data,1,1,2,1,1,4,3,1,66.0,60.0,70.0,57.0,87.0,No Data,1,1,1,1,-1,1,1.2,Carrot,No Data
1,65.0,1,2,1,1,1,1,3,1,67.0,42.0,85.0,51.0,62.0,89.0,1,1,1,1,1,1,1.2,Onion,2019-12-26
1,34.0,2,1,1,1,4,4,3,1,67.0,No Data,82.0,60.0,65.0,85.0,1,1,1,-1,1,-1,0.8,No Data,2019-07-25
1,64.0,2,2,1,2,4,1,3,1,64.0,45.0,82.0,88.0,69.0,91.0,1,2,2,3,3,3,0.8,Green beans,2019-08-20
1,26.0,2,2,1,2,5,1,5,3,71.0,41.0,83.0,69.0,60.0,84.0,1,1,1,1,1,1,0.8,Onion,2019-02-15
1,59.0,2,2,1,2,1,4,5,1,71.0,41.0,75.0,58.0,64.0,83.0,1,1,-1,1,-1,1,0.8,Lettuce,2019-06-26
1,45.0,2,2,2,2,4,5,3,4,75.0,31.0,74.0,80.0,86.0,91.0,1,1,1,1,1,1,0.8,Lettuce,2019-03-26
1,60.0,1,2,2,1,4,1,3,3,73.0,48.0,No Data,53.0,80.0,84.0,1,2,1,3,2,3,1.2,Carrot,2019-08-02
1,47.0,1,1,-1,1,3,2,3,3,64.0,86.0,68.0,53.0,83.0,87.0,1,1,1,1,1,1,1.2,Tomato,2019-12-27
1,23.0,1,1,2,1,4,4,3,4,80.0,64.0,70.0,76.0,62.0,91.0,1,1,1,1,1,1,1.2,Tomato,2019-11-03
1,57.0,2,1,-1,2,4,1,5,-1,79.0,41.0,81.0,60.0,84.0,85.0,1,2,1,3,2,3,0.8,Avocado,2019-01-13
1,59.0,1,2,1,1,4,1,3,2,62.0,36.0,63.0,93.0,84.0,81.0,1,2,-1,3,-1,3,1.2,Carrot,2019-06-11
1,38.0,1,1,2,2,4,1,3,3,73.0,71.0,86.0,55.0,86.0,81.0,1,1,2,1,3,1,1.2,Onion,2019-09-08
1,50.0,2,2,1,1,4,3,5,3,79.0,33.0,83.0,66.0,89.0,89.0,1,-1,1,-1,1,-1,0.8,Avocado,No Data
2,35.0,2,2,1,2,2,4,3,1,64.0,43.0,69.0,67.0,72.0,86.0,1,2,2,3,3,3,0.8,Green beans,2019-03-26
2,29.0,1,1,2,-1,2,1,4,1,74.0,95.0,67.0,58.0,58.0,80.0,1,2,1,3,1,3,1.2,No Data,No Data
2,36.0,1,2,1,1,4,4,3,3,66.0,53.0,68.0,95.0,64.0,80.0,1,2,1,3,2,3,1.2,Avocado,2019-04-18
2,21.0,2,1,1,1,2,4,-1,4,80.0,35.0,61.0,85.0,75.0,82.0,1,2,1,3,2,3,0.8,Pepper,2019-03-04
2,60.0,1,2,1,1,4,3,3,4,71.0,90.0,90.0,75.0,63.0,87.0,1,2,2,3,3,3,1.2,Lettuce,2019-01-25
2,34.0,2,2,2,2,4,4,3,2,75.0,63.0,81.0,61.0,81.0,84.0,1,1,1,1,2,1,0.8,Pepper,2019-05-02
2,22.0,2,1,2,1,1,4,3,4,83.0,70.0,94.0,75.0,No Data,81.0,2,1,3,1,3,1,0.8,Onion,2019-09-25
2,48.0,2,-1,2,2,5,5,3,3,No Data,62.0,92.0,63.0,78.0,93.0,2,2,3,3,3,3,0.8,Green beans,2019-09-23
2,57.0,1,2,1,1,1,1,1,2,66.0,85.0,90.0,82.0,52.0,88.0,1,2,1,3,1,3,1.2,Onion,2019-11-04
2,28.0,1,1,1,1,5,3,3,4,72.0,85.0,76.0,77.0,65.0,86.0,1,1,1,1,1,1,1.2,Lettuce,2019-10-19
2,42.0,1,2,1,1,1,1,1,4,68.0,No Data,78.0,64.0,52.0,83.0,1,2,1,3,1,3,1.2,Pepper,2019-10-20
2,31.0,1,2,2,1,-1,5,3,3,66.0,No Data,76.0,52.0,67.0,89.0,1,2,1,3,2,3,1.2,Carrot,2019-10-28
2,45.0,2,2,2,1,1,5,3,3,61.0,82.0,62.0,78.0,68.0,81.0,2,1,3,1,3,1,0.8,Green beans,2019-01-07
2,35.0,2,2,2,1,2,-1,3,3,83.0,70.0,71.0,66.0,83.0,No Data,1,2,2,3,3,3,0.8,Carrot,2019-02-15
2,45.0,1,1,1,1,1,1,1,4,65.0,68.0,66.0,70.0,88.0,89.0,1,1,1,1,2,-1,1.2,Tomato,2019-10-22
2,No Data,2,2,1,1,4,4,3,4,76.0,63.0,85.0,85.0,No Data,91.0,1,1,1,1,2,1,0.8,Green beans,2019-05-11
2,44.0,1,-1,1,1,4,5,3,2,86.0,61.0,76.0,58.0,79.0,88.0,1,2,2,3,3,3,1.2,Pepper,2019-10-20
2,60.0,2,2,1,1,1,1,5,3,83.0,84.0,68.0,78.0,61.0,87.0,1,1,1,1,1,1,0.8,Green beans,2019-04-09
2,48.0,2,2,2,-1,-1,2,3,4,71.0,53.0,64.0,83.0,73.0,82.0,1,2,1,3,1,3,0.8,Carrot,2019-03-09
2,36.0,1,2,1,1,4,1,3,2,84.0,30.0,61.0,68.0,55.0,85.0,1,2,1,3,2,3,1.2,Pepper,2019-02-20
2,58.0,1,2,1,1,4,2,3,4,70.0,33.0,85.0,67.0,70.0,86.0,2,1,3,1,3,1,1.2,Pepper,2019-05-07
2,No Data,1,1,1,1,-1,2,3,4,70.0,44.0,82.0,71.0,83.0,84.0,1,1,1,1,1,-1,1.2,Lettuce,2019-08-03
2,54.0,2,1,1,1,5,1,4,3,68.0,38.0,70.0,No Data,67.0,83.0,1,2,1,3,2,3,0.8,Tomato,2019-12-28
2,41.0,2,1,1,2,4,-1,5,4,87.0,93.0,81.0,84.0,87.0,81.0,1,2,2,3,3,3,0.8,Onion,2019-05-08
2,No Data,2,2,2,1,4,1,3,4,80.0,46.0,64.0,84.0,68.0,82.0,1,2,1,3,2,3,0.8,Green beans,2019-10-19
2,41.0,2,2,1,1,3,2,5,4,72.0,31.0,89.0,72.0,52.0,93.0,1,1,2,1,3,1,0.8,Tomato,2019-04-06
2,53.0,2,2,2,1,5,1,1,4,63.0,46.0,68.0,72.0,72.0,81.0,1,2,2,3,3,3,0.8,Avocado,2019-09-11
2,No Data,1,2,1,1,4,1,1,1,61.0,45.0,85.0,71.0,71.0,86.0,1,2,1,3,1,3,1.2,Onion,2019-08-03
2,24.0,2,1,-1,1,4,1,-1,4,62.0,35.0,63.0,75.0,66.0,81.0,1,2,2,3,3,3,0.8,Tomato,2019-10-01
2,60.0,2,2,-1,1,2,5,3,4,65.0,34.0,79.0,92.0,62.0,84.0,1,2,1,3,2,3,0.8,Pepper,2019-10-12
3,60.0,2,1,1,1,3,5,-1,4,71.0,41.0,73.0,53.0,73.0,83.0,1,2,1,3,1,3,0.8,Tomato,2019-04-24
3,19.0,2,1,1,1,1,1,4,-1,62.0,54.0,71.0,65.0,76.0,86.0,1,2,1,3,-1,3,0.8,Lettuce,2019-08-14
3,65.0,2,2,1,1,2,4,3,4,75.0,38.0,85.0,75.0,66.0,90.0,1,1,2,2,3,3,0.8,Green beans,2019-05-26
3,53.0,2,2,2,1,4,3,3,5,75.0,55.0,94.0,79.0,80.0,81.0,2,2,3,3,3,3,0.8,No Data,2019-05-09
3,No Data,1,1,2,1,4,3,1,3,65.0,55.0,75.0,75.0,87.0,89.0,1,1,2,1,3,1,1.2,Green beans,2019-06-28
3,49.0,2,-1,1,1,4,4,3,4,77.0,55.0,84.0,91.0,89.0,90.0,2,2,3,3,3,3,0.8,No Data,2019-08-10
3,25.0,2,1,1,1,1,5,3,1,75.0,81.0,73.0,85.0,No Data,No Data,1,1,1,1,-1,1,0.8,No Data,2019-07-11
3,34.0,1,1,1,2,-1,4,3,4,84.0,68.0,81.0,74.0,86.0,84.0,1,2,1,3,2,3,1.2,Avocado,2019-07-14
3,21.0,1,1,1,1,1,1,3,4,70.0,93.0,65.0,66.0,57.0,93.0,1,2,1,3,1,3,1.2,Onion,2019-12-27
3,64.0,1,1,1,1,-1,-1,3,1,66.0,60.0,73.0,54.0,56.0,93.0,1,2,2,3,3,3,1.2,No Data,2019-04-13
3,36.0,2,2,2,1,4,5,5,4,82.0,78.0,65.0,87.0,No Data,86.0,2,-1,3,-1,3,-1,0.8,Onion,2019-01-15
3,35.0,2,2,1,1,4,4,3,4,63.0,84.0,65.0,90.0,90.0,88.0,2,1,3,1,3,1,0.8,Tomato,2019-09-02
3,41.0,1,1,-1,1,4,4,1,3,76.0,65.0,93.0,75.0,67.0,82.0,1,2,1,3,2,3,1.2,Pepper,2019-02-02
3,19.0,2,-1,1,1,4,3,4,4,64.0,45.0,71.0,89.0,88.0,90.0,1,2,2,3,3,3,0.8,Green beans,2019-12-31
3,63.0,2,1,1,1,4,4,3,1,70.0,40.0,70.0,75.0,80.0,90.0,2,-1,3,-1,3,-1,0.8,Carrot,2019-12-31
3,64.0,2,2,1,1,4,1,3,2,63.0,74.0,69.0,86.0,50.0,81.0,1,1,1,1,2,2,0.8,Tomato,2019-02-21
3,45.0,2,1,1,1,-1,2,5,3,61.0,34.0,62.0,85.0,79.0,91.0,1,2,2,3,3,3,0.8,Tomato,2019-04-25
3,55.0,1,-1,1,1,4,3,4,4,77.0,66.0,80.0,85.0,58.0,91.0,1,2,1,3,1,3,1.2,Lettuce,2019-11-06
3,33.0,2,2,1,1,2,2,5,4,82.0,49.0,91.0,80.0,59.0,92.0,1,2,2,3,3,3,0.8,Green beans,2019-05-09
3,28.0,1,1,-1,1,3,5,3,5,66.0,48.0,No Data,80.0,65.0,92.0,1,2,2,3,3,3,1.2,Onion,2019-07-09
3,34.0,2,2,2,1,1,4,-1,3,67.0,83.0,62.0,54.0,55.0,84.0,1,2,1,3,1,3,0.8,Lettuce,2019-04-07
3,39.0,1,2,1,1,1,1,3,4,67.0,No Data,86.0,72.0,68.0,87.0,1,1,2,1,3,-1,1.2,Tomato,2019-07-27
3,57.0,1,1,1,1,2,1,3,4,62.0,86.0,70.0,77.0,68.0,87.0,1,1,1,1,2,1,1.2,No Data,2019-07-10
3,48.0,2,2,1,1,4,4,3,2,78.0,50.0,79.0,52.0,59.0,88.0,1,2,2,3,3,3,0.8,Avocado,2019-11-19
3,No Data,1,1,1,1,4,4,3,4,66.0,64.0,89.0,83.0,69.0,89.0,2,1,3,1,3,1,1.2,Avocado,2019-12-19
3,18.0,1,1,2,1,4,3,3,4,75.0,73.0,82.0,64.0,84.0,91.0,1,1,1,1,1,1,1.2,Carrot,2019-12-16
3,25.0,2,2,1,1,4,-1,3,4,No Data,45.0,No Data,58.0,85.0,86.0,1,2,1,3,2,3,0.8,Carrot,2019-01-04
3,40.0,2,2,1,1,4,5,3,4,83.0,74.0,84.0,80.0,56.0,86.0,1,1,1,2,1,3,0.8,Avocado,2019-11-14
3,43.0,2,2,1,1,1,5,5,-1,74.0,68.0,68.0,84.0,70.0,85.0,2,2,3,3,3,3,0.8,Pepper,2019-07-02
3,22.0,2,1,1,1,4,5,5,5,78.0,62.0,63.0,68.0,86.0,88.0,2,2,3,3,3,3,0.8,Onion,2019-12-13
4,48.0,1,2,1,1,-1,2,3,4,75.0,38.0,94.0,75.0,68.0,85.0,1,2,2,3,3,3,1.2,Pepper,2019-12-04
4,26.0,1,1,1,1,4,5,3,4,84.0,60.0,91.0,86.0,73.0,91.0,2,1,3,1,3,1,1.2,Pepper,2019-12-28
4,37.0,1,2,1,1,1,4,3,-1,62.0,90.0,78.0,60.0,88.0,87.0,2,-1,3,-1,3,-1,1.2,Onion,2019-12-26
4,28.0,1,1,1,1,1,1,3,4,74.0,50.0,72.0,68.0,72.0,90.0,1,1,1,1,-1,2,1.2,Tomato,2019-07-25
4,56.0,1,-1,1,1,4,1,1,1,61.0,51.0,75.0,87.0,55.0,84.0,1,1,2,1,3,1,1.2,Lettuce,2019-07-29
4,18.0,2,2,2,2,5,4,3,4,65.0,80.0,66.0,64.0,62.0,82.0,1,1,1,1,1,1,0.8,Lettuce,2019-05-26
4,47.0,2,2,1,1,5,4,3,4,70.0,49.0,67.0,No Data,53.0,85.0,1,-1,2,-1,3,-1,0.8,Tomato,2019-09-14
4,37.0,2,2,-1,1,5,1,-1,1,64.0,53.0,76.0,59.0,65.0,83.0,1,2,1,3,2,3,0.8,Avocado,2019-06-20
4,22.0,1,1,2,1,4,5,3,4,65.0,38.0,88.0,53.0,84.0,90.0,1,1,1,-1,-1,-1,1.2,Tomato,2019-07-08
4,24.0,2,2,1,2,4,5,3,5,63.0,98.0,62.0,65.0,76.0,87.0,1,2,2,3,3,3,0.8,Green beans,2019-02-06
4,54.0,2,2,2,1,4,4,3,-1,69.0,81.0,75.0,53.0,71.0,92.0,1,2,1,3,2,3,0.8,Lettuce,2019-11-24
4,34.0,2,1,2,1,5,4,5,3,85.0,57.0,77.0,63.0,52.0,87.0,1,-1,1,-1,2,-1,0.8,Carrot,2019-03-07
4,48.0,2,2,2,1,4,5,3,4,62.0,84.0,70.0,54.0,78.0,87.0,2,2,3,3,3,3,0.8,Green beans,2019-12-11
4,No Data,-1,1,1,1,1,-1,3,4,84.0,57.0,71.0,73.0,52.0,94.0,1,1,2,1,3,1,0.8,Tomato,2019-07-04
4,21.0,2,2,-1,1,4,4,3,3,69.0,54.0,70.0,No Data,84.0,92.0,1,1,1,2,1,3,0.8,No Data,2019-11-27
4,42.0,1,2,2,1,-1,-1,3,3,68.0,55.0,67.0,No Data,82.0,84.0,1,1,2,1,3,1,1.2,Lettuce,2019-11-16
4,32.0,2,2,1,1,3,3,4,4,63.0,56.0,75.0,79.0,73.0,94.0,2,1,3,1,3,1,0.8,Tomato,2019-08-18
4,30.0,2,2,1,1,4,4,3,4,72.0,89.0,78.0,90.0,86.0,94.0,1,2,1,3,2,3,0.8,Lettuce,2019-01-17
4,46.0,2,1,2,2,3,5,3,5,64.0,72.0,61.0,No Data,61.0,No Data,1,1,-1,1,-1,1,0.8,Avocado,2019-02-25
4,24.0,2,-1,1,1,4,4,5,3,89.0,32.0,76.0,86.0,78.0,85.0,1,1,2,-1,3,-1,0.8,Avocado,2019-03-27
4,53.0,1,1,1,2,2,4,5,4,71.0,73.0,No Data,87.0,83.0,83.0,1,2,2,3,3,3,1.2,Onion,2019-10-06
4,27.0,1,2,2,1,2,2,4,1,76.0,85.0,62.0,54.0,60.0,85.0,-1,2,-1,3,-1,3,1.2,Lettuce,2019-09-24
4,65.0,2,2,1,1,1,4,5,4,65.0,44.0,65.0,79.0,74.0,87.0,1,2,1,3,1,3,0.8,Pepper,2019-01-14
4,36.0,1,1,1,1,2,2,3,3,68.0,57.0,71.0,76.0,72.0,88.0,2,1,3,1,3,1,1.2,Carrot,2019-12-16
4,48.0,-1,2,1,1,1,2,3,4,63.0,59.0,65.0,80.0,72.0,No Data,1,2,2,3,3,3,1.2,Avocado,2019-12-23
4,47.0,1,2,2,1,4,4,3,4,77.0,87.0,66.0,66.0,75.0,90.0,1,1,1,2,2,3,1.2,Onion,2019-12-19
4,30.0,2,1,2,1,4,1,3,3,70.0,98.0,63.0,81.0,56.0,81.0,1,2,1,3,1,3,0.8,Green beans,No Data
4,20.0,2,-1,1,1,4,1,3,2,89.0,45.0,81.0,81.0,71.0,81.0,1,1,2,1,3,2,0.8,Lettuce,2019-12-05
4,21.0,1,1,2,1,1,4,3,2,88.0,74.0,80.0,59.0,87.0,93.0,2,2,3,3,3,3,1.2,Green beans,2019-07-31
4,34.0,1,1,2,1,1,5,3,5,64.0,39.0,74.0,54.0,72.0,91.0,2,1,3,1,3,2,1.2,Onion,2019-09-02
5,23.0,2,2,2,1,4,2,3,4,71.0,55.0,76.0,65.0,72.0,89.0,1,2,2,3,3,3,0.8,Lettuce,2019-11-06
5,55.0,2,2,2,1,1,2,3,4,70.0,81.0,88.0,72.0,58.0,86.0,2,2,3,3,3,3,0.8,Pepper,No Data
5,41.0,2,2,2,1,2,1,5,2,70.0,87.0,70.0,72.0,74.0,83.0,1,1,1,1,1,1,0.8,Onion,2019-06-24
5,64.0,2,1,1,2,4,1,5,5,64.0,78.0,77.0,94.0,79.0,82.0,2,2,3,3,3,3,0.8,Lettuce,2019-03-14
5,27.0,2,1,1,1,1,4,3,4,74.0,48.0,67.0,87.0,84.0,91.0,1,2,1,3,2,3,0.8,Pepper,No Data
5,44.0,1,2,-1,1,3,1,3,4,74.0,76.0,94.0,85.0,63.0,88.0,1,1,2,1,3,1,1.2,Lettuce,2019-10-27
5,41.0,1,2,2,1,2,1,3,3,76.0,43.0,91.0,51.0,No Data,80.0,1,1,1,1,1,2,1.2,Avocado,2019-03-29
5,54.0,2,2,1,1,4,2,5,4,No Data,68.0,60.0,84.0,54.0,92.0,1,2,2,3,3,3,0.8,Green beans,2019-11-26
5,59.0,2,1,1,1,4,1,1,4,66.0,58.0,63.0,61.0,64.0,85.0,1,2,1,3,2,3,0.8,Lettuce,2019-12-04
5,34.0,1,1,1,1,4,5,3,1,65.0,65.0,84.0,77.0,66.0,93.0,2,1,3,1,3,1,1.2,Tomato,2019-05-05
5,No Data,2,2,1,1,4,5,3,4,75.0,54.0,71.0,67.0,74.0,81.0,1,1,1,1,2,2,0.8,Onion,2019-02-28
5,28.0,1,1,2,-1,1,1,4,5,79.0,83.0,81.0,58.0,65.0,86.0,2,1,3,1,3,1,1.2,Carrot,2019-06-15
5,18.0,-1,1,-1,2,4,1,5,3,80.0,36.0,61.0,80.0,86.0,82.0,1,-1,2,-1,3,-1,1.2,Carrot,2019-02-12
5,26.0,1,1,1,1,4,4,5,4,76.0,60.0,92.0,71.0,52.0,91.0,1,1,1,2,2,3,1.2,Green beans,2019-10-30
5,62.0,2,1,1,1,4,1,-1,4,80.0,86.0,68.0,79.0,88.0,80.0,2,2,3,3,3,3,0.8,Carrot,2019-03-29
5,64.0,2,2,1,2,5,1,5,4,81.0,84.0,68.0,64.0,64.0,91.0,1,2,2,3,3,3,0.8,Carrot,2019-07-02
5,22.0,1,1,1,1,4,4,1,3,74.0,No Data,77.0,63.0,68.0,87.0,1,2,2,3,3,3,1.2,Pepper,2019-05-28
5,46.0,1,1,1,1,2,3,3,4,83.0,57.0,94.0,56.0,74.0,88.0,2,2,3,3,3,3,1.2,Carrot,2019-10-06
5,45.0,2,2,2,1,4,1,3,4,88.0,76.0,92.0,57.0,64.0,80.0,1,1,1,1,1,2,0.8,Avocado,2019-12-21
5,34.0,2,1,2,2,-1,3,3,5,79.0,51.0,No Data,81.0,78.0,89.0,1,-1,2,-1,3,-1,0.8,Onion,2019-12-10
5,33.0,1,2,2,1,-1,2,3,4,64.0,63.0,90.0,55.0,54.0,82.0,1,2,2,3,3,3,1.2,Carrot,2019-06-03
5,45.0,1,1,2,1,5,4,3,1,65.0,58.0,77.0,61.0,69.0,85.0,1,2,2,3,3,3,1.2,Avocado,2019-07-14
5,24.0,2,-1,2,1,4,5,4,3,86.0,50.0,73.0,No Data,52.0,90.0,1,1,2,1,3,2,0.8,No Data,2019-07-02
5,28.0,1,1,1,1,4,3,4,2,70.0,39.0,66.0,65.0,79.0,92.0,2,2,3,3,3,3,1.2,Green beans,2019-11-11
5,19.0,-1,1,1,2,2,4,5,4,63.0,93.0,70.0,91.0,58.0,88.0,1,1,2,1,3,2,0.8,Lettuce,2019-07-17
5,60.0,2,2,1,1,5,2,5,3,77.0,74.0,86.0,73.0,81.0,83.0,1,2,1,3,2,3,0.8,Lettuce,2019-07-17
5,44.0,1,2,1,1,1,3,3,4,87.0,90.0,66.0,78.0,75.0,95.0,1,2,2,3,3,3,1.2,Lettuce,2019-07-26
5,59.0,2,2,1,1,5,4,4,-1,69.0,71.0,86.0,91.0,64.0,86.0,1,2,2,3,3,3,0.8,Carrot,2019-02-16
5,18.0,2,-1,-1,1,-1,4,3,4,61.0,86.0,65.0,58.0,61.0,86.0,1,-1,2,-1,3,-1,0.8,Avocado,2019-12-10
5,50.0,2,1,1,1,4,3,3,2,71.0,94.0,63.0,76.0,55.0,No Data,1,2,2,3,3,3,0.8,No Data,2019-04-24
6,61.0,2,2,2,2,4,1,1,3,No Data,57.0,87.0,87.0,65.0,80.0,1,2,1,3,1,3,0.8,Green beans,2019-09-21
6,31.0,2,1,2,-1,2,1,5,4,86.0,92.0,71.0,89.0,59.0,85.0,1,2,2,3,3,3,0.8,Pepper,2019-04-13
6,57.0,-1,2,1,1,4,3,5,4,75.0,77.0,75.0,82.0,66.0,81.0,1,2,1,3,-1,3,0.8,Tomato,2019-09-27
6,51.0,1,1,2,1,-1,4,3,4,75.0,99.0,67.0,58.0,63.0,92.0,2,2,3,3,3,3,1.2,Onion,2019-03-29
6,64.0,1,2,1,1,4,1,3,4,67.0,93.0,84.0,68.0,70.0,No Data,1,1,1,1,2,1,1.2,Green beans,2019-04-05
6,47.0,1,2,-1,1,3,1,3,4,84.0,63.0,85.0,59.0,53.0,83.0,1,1,2,1,3,1,1.2,Green beans,2019-10-22
6,64.0,2,1,1,1,3,1,5,4,77.0,99.0,78.0,54.0,No Data,93.0,1,1,1,1,1,1,0.8,Lettuce,2019-10-04
6,37.0,2,2,1,1,1,4,5,5,63.0,No Data,74.0,92.0,71.0,88.0,1,2,1,3,2,3,0.8,Pepper,2019-05-29
6,41.0,2,2,1,1,4,4,5,2,83.0,60.0,88.0,91.0,63.0,93.0,2,2,3,3,3,3,0.8,Tomato,2019-07-13
6,53.0,2,2,1,1,4,3,3,4,61.0,42.0,63.0,80.0,61.0,81.0,1,2,2,3,3,3,0.8,Green beans,2019-05-14
6,20.0,2,1,1,1,4,2,3,4,89.0,85.0,No Data,55.0,60.0,90.0,2,1,3,1,3,1,0.8,Tomato,2019-03-27
6,53.0,1,1,1,1,4,1,3,4,65.0,72.0,64.0,88.0,73.0,83.0,2,2,3,3,3,3,1.2,Lettuce,2019-09-24
6,61.0,2,2,1,1,2,1,5,2,88.0,40.0,83.0,52.0,No Data,87.0,2,1,3,1,3,1,0.8,Avocado,2019-08-26
6,21.0,2,1,1,1,1,5,5,3,82.0,97.0,85.0,81.0,No Data,No Data,2,2,3,3,3,3,0.8,Green beans,2019-03-18
6,53.0,2,1,2,1,4,2,3,4,79.0,67.0,86.0,No Data,73.0,89.0,-1,1,-1,1,-1,1,0.8,Green beans,2019-09-17
6,35.0,2,1,1,2,4,1,5,4,63.0,66.0,60.0,62.0,58.0,91.0,1,2,2,3,3,3,0.8,Carrot,2019-12-09
6,No Data,1,2,1,1,1,2,1,4,60.0,88.0,73.0,69.0,60.0,83.0,1,1,2,1,3,-1,1.2,Green beans,2019-11-19
6,No Data,1,1,1,1,1,1,5,4,61.0,54.0,73.0,63.0,53.0,83.0,1,2,2,3,3,3,1.2,Pepper,2019-02-19
6,40.0,2,1,1,2,-1,4,3,4,62.0,89.0,72.0,85.0,83.0,86.0,2,2,3,3,3,3,0.8,Carrot,No Data
6,64.0,1,2,1,1,1,1,1,4,62.0,71.0,83.0,No Data,51.0,90.0,1,2,2,3,3,3,1.2,Tomato,2019-08-30
6,59.0,1,2,1,1,1,1,3,4,76.0,93.0,87.0,53.0,59.0,82.0,1,1,2,1,3,1,1.2,Onion,2019-08-05
6,48.0,2,2,1,1,3,5,-1,5,71.0,74.0,69.0,68.0,55.0,88.0,2,2,3,3,3,3,0.8,Tomato,2019-09-28
6,51.0,2,2,1,1,4,1,3,1,69.0,99.0,78.0,54.0,55.0,88.0,1,-1,1,-1,1,-1,0.8,Pepper,2019-04-20
6,38.0,2,1,2,1,5,4,3,3,79.0,79.0,92.0,88.0,76.0,91.0,2,2,3,3,3,3,0.8,Onion,2019-07-24
6,60.0,1,1,1,1,-1,1,5,4,82.0,56.0,75.0,65.0,53.0,No Data,2,1,3,1,3,2,1.2,Onion,2019-01-26
6,29.0,2,1,2,1,-1,4,3,3,66.0,43.0,74.0,93.0,52.0,84.0,-1,-1,-1,-1,-1,-1,0.8,Lettuce,2019-08-06
6,33.0,1,2,2,1,4,4,3,5,69.0,46.0,60.0,51.0,70.0,94.0,1,1,1,2,-1,3,1.2,Carrot,2019-06-18
6,37.0,2,2,2,1,5,3,3,3,86.0,76.0,77.0,61.0,69.0,93.0,2,2,3,3,3,3,0.8,Lettuce,2019-09-22
6,37.0,1,2,1,1,4,1,3,4,80.0,62.0,67.0,93.0,63.0,85.0,1,2,2,3,3,3,1.2,Onion,2019-08-12
6,57.0,2,-1,2,2,4,4,3,4,74.0,46.0,63.0,83.0,73.0,90.0,1,2,1,3,1,3,0.8,Carrot,2019-05-31
7,29.0,2,-1,2,-1,3,5,3,4,88.0,93.0,89.0,79.0,61.0,90.0,2,1,3,1,3,1,0.8,Avocado,2019-08-31
7,48.0,2,2,2,1,2,4,5,4,64.0,86.0,64.0,67.0,59.0,80.0,1,1,2,1,3,2,0.8,No Data,2019-10-09
7,47.0,1,2,1,1,1,1,4,3,82.0,40.0,No Data,84.0,67.0,81.0,1,2,2,3,3,3,1.2,Pepper,2019-01-29
7,25.0,1,1,1,1,4,3,3,3,78.0,45.0,83.0,90.0,75.0,93.0,2,1,3,1,3,1,1.2,Pepper,2019-06-30
7,50.0,1,1,1,1,1,1,3,4,90.0,97.0,64.0,80.0,60.0,No Data,2,2,3,3,3,3,1.2,Pepper,2019-11-15
7,53.0,1,2,1,1,4,1,3,4,76.0,69.0,84.0,76.0,51.0,81.0,2,2,3,3,3,3,1.2,Onion,2019-01-18
7,37.0,2,2,2,1,4,1,5,-1,89.0,91.0,89.0,50.0,51.0,83.0,1,1,1,1,2,1,0.8,Lettuce,2019-07-24
7,43.0,2,2,1,2,-1,1,-1,4,65.0,88.0,61.0,75.0,54.0,85.0,1,2,2,3,3,3,0.8,Green beans,2019-02-12
7,22.0,1,1,-1,1,1,1,3,4,75.0,83.0,82.0,77.0,No Data,83.0,2,2,3,3,3,3,1.2,Lettuce,2019-02-28
7,47.0,2,2,1,1,1,5,3,3,63.0,71.0,62.0,64.0,86.0,94.0,1,1,1,1,2,1,0.8,Carrot,No Data
7,27.0,1,2,1,1,4,5,3,4,64.0,42.0,87.0,86.0,53.0,92.0,2,2,3,3,3,3,1.2,Onion,2019-10-30
7,43.0,1,2,2,1,4,4,1,-1,70.0,91.0,61.0,55.0,57.0,85.0,2,2,3,3,3,3,1.2,Onion,2019-04-26
7,47.0,1,2,1,1,4,1,4,3,74.0,33.0,67.0,82.0,52.0,86.0,2,2,3,3,3,3,1.2,Onion,2019-09-25
7,56.0,2,1,1,2,-1,1,3,4,63.0,33.0,66.0,86.0,52.0,84.0,1,1,-1,1,-1,1,0.8,Lettuce,2019-02-15
7,51.0,2,2,-1,1,4,1,3,5,83.0,55.0,75.0,88.0,50.0,84.0,2,1,3,2,3,3,0.8,Green beans,2019-12-13
7,35.0,2,1,1,2,4,4,5,3,No Data,61.0,66.0,88.0,58.0,No Data,1,2,2,3,3,3,0.8,Carrot,2019-05-02
7,54.0,1,2,1,1,4,1,1,5,61.0,85.0,70.0,No Data,50.0,80.0,1,2,2,3,3,3,1.2,Green beans,2019-09-01
7,42.0,2,2,1,2,4,2,5,4,83.0,46.0,79.0,82.0,51.0,86.0,1,2,-1,3,-1,3,0.8,Avocado,2019-05-02
7,44.0,2,2,2,1,2,-1,3,4,73.0,87.0,73.0,52.0,58.0,83.0,1,2,2,3,3,3,0.8,Green beans,2019-07-25
7,60.0,2,1,2,2,4,1,3,-1,63.0,31.0,71.0,63.0,57.0,83.0,1,2,1,3,1,3,0.8,Avocado,2019-03-14
7,41.0,2,1,1,1,2,1,3,4,88.0,56.0,76.0,80.0,56.0,83.0,2,2,3,3,3,3,0.8,Lettuce,2019-09-29
7,36.0,2,1,2,-1,4,4,3,4,83.0,57.0,77.0,80.0,62.0,92.0,1,2,2,3,3,3,0.8,Carrot,2019-03-12
7,59.0,2,2,1,2,2,1,5,3,76.0,68.0,67.0,81.0,56.0,85.0,1,2,1,3,2,3,0.8,Onion,2019-10-09
7,37.0,1,1,1,1,2,3,4,4,81.0,48.0,86.0,84.0,No Data,No Data,-1,2,-1,3,-1,3,1.2,Pepper,2019-11-03
7,50.0,2,2,1,1,3,5,5,3,77.0,88.0,75.0,67.0,54.0,91.0,1,2,2,3,3,3,0.8,Green beans,2019-09-08
7,54.0,1,2,1,1,1,4,3,3,66.0,93.0,92.0,69.0,64.0,83.0,2,2,3,3,3,3,1.2,Lettuce,2019-04-21
7,54.0,2,2,1,1,2,4,5,5,74.0,46.0,79.0,88.0,71.0,85.0,2,2,3,3,3,3,0.8,Lettuce,2019-01-05
7,44.0,1,-1,2,1,1,2,3,4,72.0,42.0,80.0,69.0,50.0,81.0,1,1,2,1,3,1,1.2,Avocado,2019-02-16
7,27.0,2,1,2,2,2,5,5,3,65.0,42.0,78.0,91.0,65.0,86.0,1,2,2,3,3,3,0.8,Avocado,2019-04-28
7,50.0,2,2,2,1,5,5,4,4,70.0,87.0,72.0,64.0,72.0,90.0,2,2,3,3,3,3,0.8,Lettuce,2019-06-18
