wave,age,healthy_eater,enjoy_mr_savory,enjoy_mr_spicy,enjoy_mr_sweet,veg_enjoy_ca_healthy,veg_enjoy_ca_tasty,veg_enjoy_ca_filling,veg_enjoy_ca_env,ratings_numa_avocado,ratings_numa_brussel_sprout,ratings_numa_carrot,ratings_numa_daikon,ratings_numa_eggplant,ratings_numa_fennel,funnel_aware_mr_1,funnel_aware_mr_2,funnel_consider_mr_1,funnel_consider_mr_2,funnel_buy_mr_1,funnel_buy_mr_2,weight,last_vegetable,last_vegetable_date,enjoy_savory_food,enjoy_spicy_food,enjoy_sweet_food,veg_healthy,veg_tasty,veg_filling,veg_environmental,rating_avocado,rating_brussel_sprout,rating_carrot,rating_daikon,rating_eggplant,rating_fennel,resp_id,funnel_aware_1,funnel_aware_2,funnel_consider_1,funnel_consider_2,funnel_buy_1,funnel_buy_2
1,25.0,2,1,2,2,3,5,1,3,69.0,53.0,88.0,69.0,No Data,95.0,1,1,-1,1,-1,1,0.8,Carrot,2019-01-04,1,2,2,3,5,1,3,69.0,53.0,88.0,69.0,No Data,95.0,1.0,1,1,-1,1,-1,1
1,43.0,1,2,1,1,1,1,1,2,62.0,59.0,94.0,80.0,65.0,88.0,1,1,1,1,1,1,1.2,Avocado,2019-11-25,2,1,1,1,1,1,2,62.0,59.0,94.0,80.0,65.0,88.0,2.0,1,1,1,1,1,1
1,20.0,1,1,2,1,1,1,1,-1,61.0,57.0,87.0,75.0,71.0,85.0,1,1,1,1,1,1,1.2,Pepper,2019-04-04,1,2,1,1,1,1,-1,61.0,57.0,87.0,75.0,71.0,85.0,3.0,1,1,1,1,1,1
1,39.0,1,2,1,1,1,1,3,3,68.0,32.0,94.0,51.0,69.0,90.0,1,1,1,1,1,1,1.2,Onion,2019-03-29,2,1,1,1,1,3,3,68.0,32.0,94.0,51.0,69.0,90.0,No Data,1,1,1,1,1,1
1,31.0,2,1,2,1,5,1,4,4,70.0,45.0,86.0,93.0,67.0,No Data,1,1,1,1,1,1,0.8,Green beans,2019-11-16,1,2,1,5,1,4,4,70.0,45.0,86.0,93.0,67.0,No Data,5.0,1,1,1,1,1,1
1,50.0,2,2,2,1,5,4,3,3,63.0,34.0,63.0,78.0,78.0,83.0,1,1,1,-1,1,-1,0.8,Green beans,No Data,2,2,1,5,4,3,3,63.0,34.0,63.0,78.0,78.0,83.0,6.0,1,1,1,-1,1,-1
1,33.0,2,2,2,1,2,3,5,1,69.0,31.0,78.0,66.0,71.0,87.0,1,1,1,1,1,1,0.8,Pepper,2019-01-03,2,2,1,2,3,5,1,69.0,31.0,78.0,66.0,71.0,87.0,7.0,1,1,1,1,1,1
1,29.0,2,2,2,2,4,5,3,4,67.0,31.0,83.0,91.0,60.0,83.0,1,1,2,1,3,1,0.8,Carrot,2019-09-11,2,2,2,4,5,3,4,67.0,31.0,83.0,91.0,60.0,83.0,8.0,1,1,2,1,3,1
1,52.0,1,1,1,1,2,1,3,2,75.0,46.0,91.0,89.0,56.0,92.0,1,1,1,1,1,1,1.2,Avocado,2019-02-08,1,1,1,2,1,3,2,75.0,46.0,91.0,89.0,56.0,92.0,9.0,1,1,1,1,1,1
1,39.0,1,1,1,1,1,4,3,-1,81.0,41.0,80.0,57.0,81.0,93.0,1,1,1,1,1,1,1.2,Avocado,2019-12-22,1,1,1,1,4,3,-1,81.0,41.0,80.0,57.0,81.0,93.0,10.0,1,1,1,1,1,1
1,62.0,1,2,1,1,2,1,3,1,78.0,36.0,91.0,64.0,70.0,92.0,1,2,1,3,1,3,1.2,Onion,2019-05-22,2,1,1,2,1,3,1,78.0,36.0,91.0,64.0,70.0,92.0,11.0,1,2,1,3,1,3
1,39.0,1,2,1,1,2,1,1,2,69.0,35.0,91.0,58.0,58.0,86.0,1,1,1,1,1,1,1.2,Avocado,2019-04-16,2,1,1,2,1,1,2,69.0,35.0,91.0,58.0,58.0,86.0,12.0,1,1,1,1,1,1
1,18.0,2,1,1,1,4,3,3,4,74.0,96.0,82.0,89.0,84.0,No Data,1,1,1,1,1,1,0.8,Avocado,2019-08-25,1,1,1,4,3,3,4,74.0,96.0,82.0,89.0,84.0,No Data,13.0,1,1,1,1,1,1
1,56.0,2,1,1,1,1,5,5,-1,70.0,94.0,83.0,78.0,67.0,84.0,1,1,1,1,1,-1,0.8,Avocado,No Data,1,1,1,1,5,5,-1,70.0,94.0,83.0,78.0,67.0,84.0,14.0,1,1,1,1,1,-1
1,64.0,2,2,1,1,4,4,3,1,64.0,34.0,65.0,No Data,84.0,94.0,1,1,1,1,2,1,0.8,Green beans,2019-08-21,2,1,1,4,4,3,1,64.0,34.0,65.0,No Data,84.0,94.0,15.0,1,1,1,1,2,1
1,41.0,2,2,2,1,1,1,5,3,60.0,33.0,60.0,57.0,88.0,84.0,-1,1,-1,1,-1,1,0.8,Avocado,2019-03-23,2,2,1,1,1,5,3,60.0,33.0,60.0,57.0,88.0,84.0,16.0,-1,1,-1,1,-1,1
1,No Data,1,1,2,1,1,4,3,1,66.0,60.0,70.0,57.0,87.0,No Data,1,1,1,1,-1,1,1.2,Carrot,No Data,1,2,1,1,4,3,1,66.0,60.0,70.0,57.0,87.0,No Data,17.0,1,1,1,1,-1,1
1,65.0,1,2,1,1,1,1,3,1,67.0,42.0,85.0,51.0,62.0,89.0,1,1,1,1,1,1,1.2,Onion,2019-12-26,2,1,1,1,1,3,1,67.0,42.0,85.0,51.0,62.0,89.0,18.0,1,1,1,1,1,1
1,34.0,2,1,1,1,4,4,3,1,67.0,No Data,82.0,60.0,65.0,85.0,1,1,1,-1,1,-1,0.8,No Data,2019-07-25,1,1,1,4,4,3,1,67.0,No Data,82.0,60.0,65.0,85.0,19.0,1,1,1,-1,1,-1
1,64.0,2,2,1,2,4,1,3,1,64.0,45.0,82.0,88.0,69.0,91.0,1,2,2,3,3,3,0.8,Green beans,2019-08-20,2,1,2,4,1,3,1,64.0,45.0,82.0,88.0,69.0,91.0,20.0,1,2,2,3,3,3
1,26.0,2,2,1,2,5,1,5,3,71.0,41.0,83.0,69.0,60.0,84.0,1,1,1,1,1,1,0.8,Onion,2019-02-15,2,1,2,5,1,5,3,71.0,41.0,83.0,69.0,60.0,84.0,21.0,1,1,1,1,1,1
1,59.0,2,2,1,2,1,4,5,1,71.0,41.0,75.0,58.0,64.0,83.0,1,1,-1,1,-1,1,0.8,Lettuce,2019-06-26,2,1,2,1,4,5,1,71.0,41.0,75.0,58.0,64.0,83.0,22.0,1,1,-1,1,-1,1
1,45.0,2,2,2,2,4,5,3,4,75.0,31.0,74.0,80.0,86.0,91.0,1,1,1,1,1,1,0.8,Lettuce,2019-03-26,2,2,2,4,5,3,4,75.0,31.0,74.0,80.0,86.0,91.0,23.0,1,1,1,1,1,1
1,60.0,1,2,2,1,4,1,3,3,73.0,48.0,No Data,53.0,80.0,84.0,1,2,1,3,2,3,1.2,Carrot,2019-08-02,2,2,1,4,1,3,3,73.0,48.0,No Data,53.0,80.0,84.0,24.0,1,2,1,3,2,3
1,47.0,1,1,-1,1,3,2,3,3,64.0,86.0,68.0,53.0,83.0,87.0,1,1,1,1,1,1,1.2,Tomato,2019-12-27,1,-1,1,3,2,3,3,64.0,86.0,68.0,53.0,83.0,87.0,25.0,1,1,1,1,1,1
1,23.0,1,1,2,1,4,4,3,4,80.0,64.0,70.0,76.0,62.0,91.0,1,1,1,1,1,1,1.2,Tomato,2019-11-03,1,2,1,4,4,3,4,80.0,64.0,70.0,76.0,62.0,91.0,26.0,1,1,1,1,1,1
1,57.0,2,1,-1,2,4,1,5,-1,79.0,41.0,81.0,60.0,84.0,85.0,1,2,1,3,2,3,0.8,Avocado,2019-01-13,1,-1,2,4,1,5,-1,79.0,41.0,81.0,60.0,84.0,85.0,27.0,1,2,1,3,2,3
1,59.0,1,2,1,1,4,1,3,2,62.0,36.0,63.0,93.0,84.0,81.0,1,2,-1,3,-1,3,1.2,Carrot,2019-06-11,2,1,1,4,1,3,2,62.0,36.0,63.0,93.0,84.0,81.0,28.0,1,2,-1,3,-1,3
1,38.0,1,1,2,2,4,1,3,3,73.0,71.0,86.0,55.0,86.0,81.0,1,1,2,1,3,1,1.2,Onion,2019-09-08,1,2,2,4,1,3,3,73.0,71.0,86.0,55.0,86.0,81.0,29.0,1,1,2,1,3,1
1,50.0,2,2,1,1,4,3,5,3,79.0,33.0,83.0,66.0,89.0,89.0,1,-1,1,-1,1,-1,0.8,Avocado,No Data,2,1,1,4,3,5,3,79.0,33.0,83.0,66.0,89.0,89.0,30.0,1,-1,1,-1,1,-1
2,35.0,2,2,1,2,2,4,3,1,64.0,43.0,69.0,67.0,72.0,86.0,1,2,2,3,3,3,0.8,Green beans,2019-03-26,2,1,2,2,4,3,1,64.0,43.0,69.0,67.0,72.0,86.0,31.0,1,2,2,3,3,3
2,29.0,1,1,2,-1,2,1,4,1,74.0,95.0,67.0,58.0,58.0,80.0,1,2,1,3,1,3,1.2,No Data,No Data,1,2,-1,2,1,4,1,74.0,95.0,67.0,58.0,58.0,80.0,32.0,1,2,1,3,1,3
2,36.0,1,2,1,1,4,4,3,3,66.0,53.0,68.0,95.0,64.0,80.0,1,2,1,3,2,3,1.2,Avocado,2019-04-18,2,1,1,4,4,3,3,66.0,53.0,68.0,95.0,64.0,80.0,33.0,1,2,1,3,2,3
2,21.0,2,1,1,1,2,4,-1,4,80.0,35.0,61.0,85.0,75.0,82.0,1,2,1,3,2,3,0.8,Pepper,2019-03-04,1,1,1,2,4,-1,4,80.0,35.0,61.0,85.0,75.0,82.0,No Data,1,2,1,3,2,3
2,60.0,1,2,1,1,4,3,3,4,71.0,90.0,90.0,75.0,63.0,87.0,1,2,2,3,3,3,1.2,Lettuce,2019-01-25,2,1,1,4,3,3,4,71.0,90.0,90.0,75.0,63.0,87.0,35.0,1,2,2,3,3,3
2,34.0,2,2,2,2,4,4,3,2,75.0,63.0,81.0,61.0,81.0,84.0,1,1,1,1,2,1,0.8,Pepper,2019-05-02,2,2,2,4,4,3,2,75.0,63.0,81.0,61.0,81.0,84.0,No Data,1,1,1,1,2,1
2,22.0,2,1,2,1,1,4,3,4,83.0,70.0,94.0,75.0,No Data,81.0,2,1,3,1,3,1,0.8,Onion,2019-09-25,1,2,1,1,4,3,4,83.0,70.0,94.0,75.0,No Data,81.0,37.0,2,1,3,1,3,1
2,48.0,2,-1,2,2,5,5,3,3,No Data,62.0,92.0,63.0,78.0,93.0,2,2,3,3,3,3,0.8,Green beans,2019-09-23,-1,2,2,5,5,3,3,No Data,62.0,92.0,63.0,78.0,93.0,38.0,2,2,3,3,3,3
2,57.0,1,2,1,1,1,1,1,2,66.0,85.0,90.0,82.0,52.0,88.0,1,2,1,3,1,3,1.2,Onion,2019-11-04,2,1,1,1,1,1,2,66.0,85.0,90.0,82.0,52.0,88.0,39.0,1,2,1,3,1,3
2,28.0,1,1,1,1,5,3,3,4,72.0,85.0,76.0,77.0,65.0,86.0,1,1,1,1,1,1,1.2,Lettuce,2019-10-19,1,1,1,5,3,3,4,72.0,85.0,76.0,77.0,65.0,86.0,40.0,1,1,1,1,1,1
2,42.0,1,2,1,1,1,1,1,4,68.0,No Data,78.0,64.0,52.0,83.0,1,2,1,3,1,3,1.2,Pepper,2019-10-20,2,1,1,1,1,1,4,68.0,No Data,78.0,64.0,52.0,83.0,41.0,1,2,1,3,1,3
2,31.0,1,2,2,1,-1,5,3,3,66.0,No Data,76.0,52.0,67.0,89.0,1,2,1,3,2,3,1.2,Carrot,2019-10-28,2,2,1,-1,5,3,3,66.0,No Data,76.0,52.0,67.0,89.0,42.0,1,2,1,3,2,3
2,45.0,2,2,2,1,1,5,3,3,61.0,82.0,62.0,78.0,68.0,81.0,2,1,3,1,3,1,0.8,Green beans,2019-01-07,2,2,1,1,5,3,3,61.0,82.0,62.0,78.0,68.0,81.0,43.0,2,1,3,1,3,1
2,35.0,2,2,2,1,2,-1,3,3,83.0,70.0,71.0,66.0,83.0,No Data,1,2,2,3,3,3,0.8,Carrot,2019-02-15,2,2,1,2,-1,3,3,83.0,70.0,71.0,66.0,83.0,No Data,44.0,1,2,2,3,3,3
2,45.0,1,1,1,1,1,1,1,4,65.0,68.0,66.0,70.0,88.0,89.0,1,1,1,1,2,-1,1.2,Tomato,2019-10-22,1,1,1,1,1,1,4,65.0,68.0,66.0,70.0,88.0,89.0,45.0,1,1,1,1,2,-1
2,No Data,2,2,1,1,4,4,3,4,76.0,63.0,85.0,85.0,No Data,91.0,1,1,1,1,2,1,0.8,Green beans,2019-05-11,2,1,1,4,4,3,4,76.0,63.0,85.0,85.0,No Data,91.0,46.0,1,1,1,1,2,1
2,44.0,1,-1,1,1,4,5,3,2,86.0,61.0,76.0,58.0,79.0,88.0,1,2,2,3,3,3,1.2,Pepper,2019-10-20,-1,1,1,4,5,3,2,86.0,61.0,76.0,58.0,79.0,88.0,47.0,1,2,2,3,3,3
2,60.0,2,2,1,1,1,1,5,3,83.0,84.0,68.0,78.0,61.0,87.0,1,1,1,1,1,1,0.8,Green beans,2019-04-09,2,1,1,1,1,5,3,83.0,84.0,68.0,78.0,61.0,87.0,48.0,1,1,1,1,1,1
2,48.0,2,2,2,-1,-1,2,3,4,71.0,53.0,64.0,83.0,73.0,82.0,1,2,1,3,1,3,0.8,Carrot,2019-03-09,2,2,-1,-1,2,3,4,71.0,53.0,64.0,83.0,73.0,82.0,49.0,1,2,1,3,1,3
2,36.0,1,2,1,1,4,1,3,2,84.0,30.0,61.0,68.0,55.0,85.0,1,2,1,3,2,3,1.2,Pepper,2019-02-20,2,1,1,4,1,3,2,84.0,30.0,61.0,68.0,55.0,85.0,No Data,1,2,1,3,2,3
2,58.0,1,2,1,1,4,2,3,4,70.0,33.0,85.0,67.0,70.0,86.0,2,1,3,1,3,1,1.2,Pepper,2019-05-07,2,1,1,4,2,3,4,70.0,33.0,85.0,67.0,70.0,86.0,51.0,2,1,3,1,3,1
2,No Data,1,1,1,1,-1,2,3,4,70.0,44.0,82.0,71.0,83.0,84.0,1,1,1,1,1,-1,1.2,Lettuce,2019-08-03,1,1,1,-1,2,3,4,70.0,44.0,82.0,71.0,83.0,84.0,52.0,1,1,1,1,1,-1
2,54.0,2,1,1,1,5,1,4,3,68.0,38.0,70.0,No Data,67.0,83.0,1,2,1,3,2,3,0.8,Tomato,2019-12-28,1,1,1,5,1,4,3,68.0,38.0,70.0,No Data,67.0,83.0,53.0,1,2,1,3,2,3
2,41.0,2,1,1,2,4,-1,5,4,87.0,93.0,81.0,84.0,87.0,81.0,1,2,2,3,3,3,0.8,Onion,2019-05-08,1,1,2,4,-1,5,4,87.0,93.0,81.0,84.0,87.0,81.0,54.0,1,2,2,3,3,3
2,No Data,2,2,2,1,4,1,3,4,80.0,46.0,64.0,84.0,68.0,82.0,1,2,1,3,2,3,0.8,Green beans,2019-10-19,2,2,1,4,1,3,4,80.0,46.0,64.0,84.0,68.0,82.0,55.0,1,2,1,3,2,3
2,41.0,2,2,1,1,3,2,5,4,72.0,31.0,89.0,72.0,52.0,93.0,1,1,2,1,3,1,0.8,Tomato,2019-04-06,2,1,1,3,2,5,4,72.0,31.0,89.0,72.0,52.0,93.0,56.0,1,1,2,1,3,1
2,53.0,2,2,2,1,5,1,1,4,63.0,46.0,68.0,72.0,72.0,81.0,1,2,2,3,3,3,0.8,Avocado,2019-09-11,2,2,1,5,1,1,4,63.0,46.0,68.0,72.0,72.0,81.0,No Data,1,2,2,3,3,3
2,No Data,1,2,1,1,4,1,1,1,61.0,45.0,85.0,71.0,71.0,86.0,1,2,1,3,1,3,1.2,Onion,2019-08-03,2,1,1,4,1,1,1,61.0,45.0,85.0,71.0,71.0,86.0,58.0,1,2,1,3,1,3
2,24.0,2,1,-1,1,4,1,-1,4,62.0,35.0,63.0,75.0,66.0,81.0,1,2,2,3,3,3,0.8,Tomato,2019-10-01,1,-1,1,4,1,-1,4,62.0,35.0,63.0,75.0,66.0,81.0,59.0,1,2,2,3,3,3
2,60.0,2,2,-1,1,2,5,3,4,65.0,34.0,79.0,92.0,62.0,84.0,1,2,1,3,2,3,0.8,Pepper,2019-10-12,2,-1,1,2,5,3,4,65.0,34.0,79.0,92.0,62.0,84.0,60.0,1,2,1,3,2,3
3,60.0,2,1,1,1,3,5,-1,4,71.0,41.0,73.0,53.0,73.0,83.0,1,2,1,3,1,3,0.8,Tomato,2019-04-24,1,1,1,3,5,-1,4,71.0,41.0,73.0,53.0,73.0,83.0,61.0,1,2,1,3,1,3
3,19.0,2,1,1,1,1,1,4,-1,62.0,54.0,71.0,65.0,76.0,86.0,1,2,1,3,-1,3,0.8,Lettuce,2019-08-14,1,1,1,1,1,4,-1,62.0,54.0,71.0,65.0,76.0,86.0,62.0,1,2,1,3,-1,3
3,65.0,2,2,1,1,2,4,3,4,75.0,38.0,85.0,75.0,66.0,90.0,1,1,2,2,3,3,0.8,Green beans,2019-05-26,2,1,1,2,4,3,4,75.0,38.0,85.0,75.0,66.0,90.0,63.0,1,1,2,2,3,3
3,53.0,2,2,2,1,4,3,3,5,75.0,55.0,94.0,79.0,80.0,81.0,2,2,3,3,3,3,0.8,No Data,2019-05-09,2,2,1,4,3,3,5,75.0,55.0,94.0,79.0,80.0,81.0,64.0,2,2,3,3,3,3
3,No Data,1,1,2,1,4,3,1,3,65.0,55.0,75.0,75.0,87.0,89.0,1,1,2,1,3,1,1.2,Green beans,2019-06-28,1,2,1,4,3,1,3,65.0,55.0,75.0,75.0,87.0,89.0,65.0,1,1,2,1,3,1
3,49.0,2,-1,1,1,4,4,3,4,77.0,55.0,84.0,91.0,89.0,90.0,2,2,3,3,3,3,0.8,No Data,2019-08-10,-1,1,1,4,4,3,4,77.0,55.0,84.0,91.0,89.0,90.0,66.0,2,2,3,3,3,3
3,25.0,2,1,1,1,1,5,3,1,75.0,81.0,73.0,85.0,No Data,No Data,1,1,1,1,-1,1,0.8,No Data,2019-07-11,1,1,1,1,5,3,1,75.0,81.0,73.0,85.0,No Data,No Data,67.0,1,1,1,1,-1,1
3,34.0,1,1,1,2,-1,4,3,4,84.0,68.0,81.0,74.0,86.0,84.0,1,2,1,3,2,3,1.2,Avocado,2019-07-14,1,1,2,-1,4,3,4,84.0,68.0,81.0,74.0,86.0,84.0,68.0,1,2,1,3,2,3
3,21.0,1,1,1,1,1,1,3,4,70.0,93.0,65.0,66.0,57.0,93.0,1,2,1,3,1,3,1.2,Onion,2019-12-27,1,1,1,1,1,3,4,70.0,93.0,65.0,66.0,57.0,93.0,69.0,1,2,1,3,1,3
3,64.0,1,1,1,1,-1,-1,3,1,66.0,60.0,73.0,54.0,56.0,93.0,1,2,2,3,3,3,1.2,No Data,2019-04-13,1,1,1,-1,-1,3,1,66.0,60.0,73.0,54.0,56.0,93.0,70.0,1,2,2,3,3,3
3,36.0,2,2,2,1,4,5,5,4,82.0,78.0,65.0,87.0,No Data,86.0,2,-1,3,-1,3,-1,0.8,Onion,2019-01-15,2,2,1,4,5,5,4,82.0,78.0,65.0,87.0,No Data,86.0,71.0,2,-1,3,-1,3,-1
3,35.0,2,2,1,1,4,4,3,4,63.0,84.0,65.0,90.0,90.0,88.0,2,1,3,1,3,1,0.8,Tomato,2019-09-02,2,1,1,4,4,3,4,63.0,84.0,65.0,90.0,90.0,88.0,72.0,2,1,3,1,3,1
3,41.0,1,1,-1,1,4,4,1,3,76.0,65.0,93.0,75.0,67.0,82.0,1,2,1,3,2,3,1.2,Pepper,2019-02-02,1,-1,1,4,4,1,3,76.0,65.0,93.0,75.0,67.0,82.0,73.0,1,2,1,3,2,3
3,19.0,2,-1,1,1,4,3,4,4,64.0,45.0,71.0,89.0,88.0,90.0,1,2,2,3,3,3,0.8,Green beans,2019-12-31,-1,1,1,4,3,4,4,64.0,45.0,71.0,89.0,88.0,90.0,74.0,1,2,2,3,3,3
3,63.0,2,1,1,1,4,4,3,1,70.0,40.0,70.0,75.0,80.0,90.0,2,-1,3,-1,3,-1,0.8,Carrot,2019-12-31,1,1,1,4,4,3,1,70.0,40.0,70.0,75.0,80.0,90.0,75.0,2,-1,3,-1,3,-1
3,64.0,2,2,1,1,4,1,3,2,63.0,74.0,69.0,86.0,50.0,81.0,1,1,1,1,2,2,0.8,Tomato,2019-02-21,2,1,1,4,1,3,2,63.0,74.0,69.0,86.0,50.0,81.0,76.0,1,1,1,1,2,2
3,45.0,2,1,1,1,-1,2,5,3,61.0,34.0,62.0,85.0,79.0,91.0,1,2,2,3,3,3,0.8,Tomato,2019-04-25,1,1,1,-1,2,5,3,61.0,34.0,62.0,85.0,79.0,91.0,77.0,1,2,2,3,3,3
3,55.0,1,-1,1,1,4,3,4,4,77.0,66.0,80.0,85.0,58.0,91.0,1,2,1,3,1,3,1.2,Lettuce,2019-11-06,-1,1,1,4,3,4,4,77.0,66.0,80.0,85.0,58.0,91.0,78.0,1,2,1,3,1,3
3,33.0,2,2,1,1,2,2,5,4,82.0,49.0,91.0,80.0,59.0,92.0,1,2,2,3,3,3,0.8,Green beans,2019-05-09,2,1,1,2,2,5,4,82.0,49.0,91.0,80.0,59.0,92.0,79.0,1,2,2,3,3,3
3,28.0,1,1,-1,1,3,5,3,5,66.0,48.0,No Data,80.0,65.0,92.0,1,2,2,3,3,3,1.2,Onion,2019-07-09,1,-1,1,3,5,3,5,66.0,48.0,No Data,80.0,65.0,92.0,80.0,1,2,2,3,3,3
3,34.0,2,2,2,1,1,4,-1,3,67.0,83.0,62.0,54.0,55.0,84.0,1,2,1,3,1,3,0.8,Lettuce,2019-04-07,2,2,1,1,4,-1,3,67.0,83.0,62.0,54.0,55.0,84.0,No Data,1,2,1,3,1,3
3,39.0,1,2,1,1,1,1,3,4,67.0,No Data,86.0,72.0,68.0,87.0,1,1,2,1,3,-1,1.2,Tomato,2019-07-27,2,1,1,1,1,3,4,67.0,No Data,86.0,72.0,68.0,87.0,82.0,1,1,2,1,3,-1
3,57.0,1,1,1,1,2,1,3,4,62.0,86.0,70.0,77.0,68.0,87.0,1,1,1,1,2,1,1.2,No Data,2019-07-10,1,1,1,2,1,3,4,62.0,86.0,70.0,77.0,68.0,87.0,83.0,1,1,1,1,2,1
3,48.0,2,2,1,1,4,4,3,2,78.0,50.0,79.0,52.0,59.0,88.0,1,2,2,3,3,3,0.8,Avocado,2019-11-19,2,1,1,4,4,3,2,78.0,50.0,79.0,52.0,59.0,88.0,84.0,1,2,2,3,3,3
3,No Data,1,1,1,1,4,4,3,4,66.0,64.0,89.0,83.0,69.0,89.0,2,1,3,1,3,1,1.2,Avocado,2019-12-19,1,1,1,4,4,3,4,66.0,64.0,89.0,83.0,69.0,89.0,85.0,2,1,3,1,3,1
3,18.0,1,1,2,1,4,3,3,4,75.0,73.0,82.0,64.0,84.0,91.0,1,1,1,1,1,1,1.2,Carrot,2019-12-16,1,2,1,4,3,3,4,75.0,73.0,82.0,64.0,84.0,91.0,86.0,1,1,1,1,1,1
3,25.0,2,2,1,1,4,-1,3,4,No Data,45.0,No Data,58.0,85.0,86.0,1,2,1,3,2,3,0.8,Carrot,2019-01-04,2,1,1,4,-1,3,4,No Data,45.0,No Data,58.0,85.0,86.0,87.0,1,2,1,3,2,3
3,40.0,2,2,1,1,4,5,3,4,83.0,74.0,84.0,80.0,56.0,86.0,1,1,1,2,1,3,0.8,Avocado,2019-11-14,2,1,1,4,5,3,4,83.0,74.0,84.0,80.0,56.0,86.0,88.0,1,1,1,2,1,3
3,43.0,2,2,1,1,1,5,5,-1,74.0,68.0,68.0,84.0,70.0,85.0,2,2,3,3,3,3,0.8,Pepper,2019-07-02,2,1,1,1,5,5,-1,74.0,68.0,68.0,84.0,70.0,85.0,89.0,2,2,3,3,3,3
3,22.0,2,1,1,1,4,5,5,5,78.0,62.0,63.0,68.0,86.0,88.0,2,2,3,3,3,3,0.8,Onion,2019-12-13,1,1,1,4,5,5,5,78.0,62.0,63.0,68.0,86.0,88.0,90.0,2,2,3,3,3,3
4,48.0,1,2,1,1,-1,2,3,4,75.0,38.0,94.0,75.0,68.0,85.0,1,2,2,3,3,3,1.2,Pepper,2019-12-04,2,1,1,-1,2,3,4,75.0,38.0,94.0,75.0,68.0,85.0,91.0,1,2,2,3,3,3
4,26.0,1,1,1,1,4,5,3,4,84.0,60.0,91.0,86.0,73.0,91.0,2,1,3,1,3,1,1.2,Pepper,2019-12-28,1,1,1,4,5,3,4,84.0,60.0,91.0,86.0,73.0,91.0,92.0,2,1,3,1,3,1
4,37.0,1,2,1,1,1,4,3,-1,62.0,90.0,78.0,60.0,88.0,87.0,2,-1,3,-1,3,-1,1.2,Onion,2019-12-26,2,1,1,1,4,3,-1,62.0,90.0,78.0,60.0,88.0,87.0,93.0,2,-1,3,-1,3,-1
4,28.0,1,1,1,1,1,1,3,4,74.0,50.0,72.0,68.0,72.0,90.0,1,1,1,1,-1,2,1.2,Tomato,2019-07-25,1,1,1,1,1,3,4,74.0,50.0,72.0,68.0,72.0,90.0,94.0,1,1,1,1,-1,2
4,56.0,1,-1,1,1,4,1,1,1,61.0,51.0,75.0,87.0,55.0,84.0,1,1,2,1,3,1,1.2,Lettuce,2019-07-29,-1,1,1,4,1,1,1,61.0,51.0,75.0,87.0,55.0,84.0,95.0,1,1,2,1,3,1
4,18.0,2,2,2,2,5,4,3,4,65.0,80.0,66.0,64.0,62.0,82.0,1,1,1,1,1,1,0.8,Lettuce,2019-05-26,2,2,2,5,4,3,4,65.0,80.0,66.0,64.0,62.0,82.0,96.0,1,1,1,1,1,1
4,47.0,2,2,1,1,5,4,3,4,70.0,49.0,67.0,No Data,53.0,85.0,1,-1,2,-1,3,-1,0.8,Tomato,2019-09-14,2,1,1,5,4,3,4,70.0,49.0,67.0,No Data,53.0,85.0,97.0,1,-1,2,-1,3,-1
4,37.0,2,2,-1,1,5,1,-1,1,64.0,53.0,76.0,59.0,65.0,83.0,1,2,1,3,2,3,0.8,Avocado,2019-06-20,2,-1,1,5,1,-1,1,64.0,53.0,76.0,59.0,65.0,83.0,98.0,1,2,1,3,2,3
4,22.0,1,1,2,1,4,5,3,4,65.0,38.0,88.0,53.0,84.0,90.0,1,1,1,-1,-1,-1,1.2,Tomato,2019-07-08,1,2,1,4,5,3,4,65.0,38.0,88.0,53.0,84.0,90.0,No Data,1,1,1,-1,-1,-1
4,24.0,2,2,1,2,4,5,3,5,63.0,98.0,62.0,65.0,76.0,87.0,1,2,2,3,3,3,0.8,Green beans,2019-02-06,2,1,2,4,5,3,5,63.0,98.0,62.0,65.0,76.0,87.0,100.0,1,2,2,3,3,3
4,54.0,2,2,2,1,4,4,3,-1,69.0,81.0,75.0,53.0,71.0,92.0,1,2,1,3,2,3,0.8,Lettuce,2019-11-24,2,2,1,4,4,3,-1,69.0,81.0,75.0,53.0,71.0,92.0,101.0,1,2,1,3,2,3
4,34.0,2,1,2,1,5,4,5,3,85.0,57.0,77.0,63.0,52.0,87.0,1,-1,1,-1,2,-1,0.8,Carrot,2019-03-07,1,2,1,5,4,5,3,85.0,57.0,77.0,63.0,52.0,87.0,102.0,1,-1,1,-1,2,-1
4,48.0,2,2,2,1,4,5,3,4,62.0,84.0,70.0,54.0,78.0,87.0,2,2,3,3,3,3,0.8,Green beans,2019-12-11,2,2,1,4,5,3,4,62.0,84.0,70.0,54.0,78.0,87.0,103.0,2,2,3,3,3,3
4,No Data,-1,1,1,1,1,-1,3,4,84.0,57.0,71.0,73.0,52.0,94.0,1,1,2,1,3,1,0.8,Tomato,2019-07-04,1,1,1,1,-1,3,4,84.0,57.0,71.0,73.0,52.0,94.0,104.0,1,1,2,1,3,1
4,21.0,2,2,-1,1,4,4,3,3,69.0,54.0,70.0,No Data,84.0,92.0,1,1,1,2,1,3,0.8,No Data,2019-11-27,2,-1,1,4,4,3,3,69.0,54.0,70.0,No Data,84.0,92.0,105.0,1,1,1,2,1,3
4,42.0,1,2,2,1,-1,-1,3,3,68.0,55.0,67.0,No Data,82.0,84.0,1,1,2,1,3,1,1.2,Lettuce,2019-11-16,2,2,1,-1,-1,3,3,68.0,55.0,67.0,No Data,82.0,84.0,106.0,1,1,2,1,3,1
4,32.0,2,2,1,1,3,3,4,4,63.0,56.0,75.0,79.0,73.0,94.0,2,1,3,1,3,1,0.8,Tomato,2019-08-18,2,1,1,3,3,4,4,63.0,56.0,75.0,79.0,73.0,94.0,107.0,2,1,3,1,3,1
4,30.0,2,2,1,1,4,4,3,4,72.0,89.0,78.0,90.0,86.0,94.0,1,2,1,3,2,3,0.8,Lettuce,2019-01-17,2,1,1,4,4,3,4,72.0,89.0,78.0,90.0,86.0,94.0,108.0,1,2,1,3,2,3
4,46.0,2,1,2,2,3,5,3,5,64.0,72.0,61.0,No Data,61.0,No Data,1,1,-1,1,-1,1,0.8,Avocado,2019-02-25,1,2,2,3,5,3,5,64.0,72.0,61.0,No Data,61.0,No Data,109.0,1,1,-1,1,-1,1
4,24.0,2,-1,1,1,4,4,5,3,89.0,32.0,76.0,86.0,78.0,85.0,1,1,2,-1,3,-1,0.8,Avocado,2019-03-27,-1,1,1,4,4,5,3,89.0,32.0,76.0,86.0,78.0,85.0,110.0,1,1,2,-1,3,-1
4,53.0,1,1,1,2,2,4,5,4,71.0,73.0,No Data,87.0,83.0,83.0,1,2,2,3,3,3,1.2,Onion,2019-10-06,1,1,2,2,4,5,4,71.0,73.0,No Data,87.0,83.0,83.0,111.0,1,2,2,3,3,3
4,27.0,1,2,2,1,2,2,4,1,76.0,85.0,62.0,54.0,60.0,85.0,-1,2,-1,3,-1,3,1.2,Lettuce,2019-09-24,2,2,1,2,2,4,1,76.0,85.0,62.0,54.0,60.0,85.0,112.0,-1,2,-1,3,-1,3
4,65.0,2,2,1,1,1,4,5,4,65.0,44.0,65.0,79.0,74.0,87.0,1,2,1,3,1,3,0.8,Pepper,2019-01-14,2,1,1,1,4,5,4,65.0,44.0,65.0,79.0,74.0,87.0,113.0,1,2,1,3,1,3
4,36.0,1,1,1,1,2,2,3,3,68.0,57.0,71.0,76.0,72.0,88.0,2,1,3,1,3,1,1.2,Carrot,2019-12-16,1,1,1,2,2,3,3,68.0,57.0,71.0,76.0,72.0,88.0,114.0,2,1,3,1,3,1
4,48.0,-1,2,1,1,1,2,3,4,63.0,59.0,65.0,80.0,72.0,No Data,1,2,2,3,3,3,1.2,Avocado,2019-12-23,2,1,1,1,2,3,4,63.0,59.0,65.0,80.0,72.0,No Data,115.0,1,2,2,3,3,3
4,47.0,1,2,2,1,4,4,3,4,77.0,87.0,66.0,66.0,75.0,90.0,1,1,1,2,2,3,1.2,Onion,2019-12-19,2,2,1,4,4,3,4,77.0,87.0,66.0,66.0,75.0,90.0,116.0,1,1,1,2,2,3
4,30.0,2,1,2,1,4,1,3,3,70.0,98.0,63.0,81.0,56.0,81.0,1,2,1,3,1,3,0.8,Green beans,No Data,1,2,1,4,1,3,3,70.0,98.0,63.0,81.0,56.0,81.0,117.0,1,2,1,3,1,3
4,20.0,2,-1,1,1,4,1,3,2,89.0,45.0,81.0,81.0,71.0,81.0,1,1,2,1,3,2,0.8,Lettuce,2019-12-05,-1,1,1,4,1,3,2,89.0,45.0,81.0,81.0,71.0,81.0,118.0,1,1,2,1,3,2
4,21.0,1,1,2,1,1,4,3,2,88.0,74.0,80.0,59.0,87.0,93.0,2,2,3,3,3,3,1.2,Green beans,2019-07-31,1,2,1,1,4,3,2,88.0,74.0,80.0,59.0,87.0,93.0,119.0,2,2,3,3,3,3
4,34.0,1,1,2,1,1,5,3,5,64.0,39.0,74.0,54.0,72.0,91.0,2,1,3,1,3,2,1.2,Onion,2019-09-02,1,2,1,1,5,3,5,64.0,39.0,74.0,54.0,72.0,91.0,120.0,2,1,3,1,3,2
5,23.0,2,2,2,1,4,2,3,4,71.0,55.0,76.0,65.0,72.0,89.0,1,2,2,3,3,3,0.8,Lettuce,2019-11-06,2,2,1,4,2,3,4,71.0,55.0,76.0,65.0,72.0,89.0,121.0,1,2,2,3,3,3
5,55.0,2,2,2,1,1,2,3,4,70.0,81.0,88.0,72.0,58.0,86.0,2,2,3,3,3,3,0.8,Pepper,No Data,2,2,1,1,2,3,4,70.0,81.0,88.0,72.0,58.0,86.0,122.0,2,2,3,3,3,3
5,41.0,2,2,2,1,2,1,5,2,70.0,87.0,70.0,72.0,74.0,83.0,1,1,1,1,1,1,0.8,Onion,2019-06-24,2,2,1,2,1,5,2,70.0,87.0,70.0,72.0,74.0,83.0,123.0,1,1,1,1,1,1
5,64.0,2,1,1,2,4,1,5,5,64.0,78.0,77.0,94.0,79.0,82.0,2,2,3,3,3,3,0.8,Lettuce,2019-03-14,1,1,2,4,1,5,5,64.0,78.0,77.0,94.0,79.0,82.0,124.0,2,2,3,3,3,3
5,27.0,2,1,1,1,1,4,3,4,74.0,48.0,67.0,87.0,84.0,91.0,1,2,1,3,2,3,0.8,Pepper,No Data,1,1,1,1,4,3,4,74.0,48.0,67.0,87.0,84.0,91.0,125.0,1,2,1,3,2,3
5,44.0,1,2,-1,1,3,1,3,4,74.0,76.0,94.0,85.0,63.0,88.0,1,1,2,1,3,1,1.2,Lettuce,2019-10-27,2,-1,1,3,1,3,4,74.0,76.0,94.0,85.0,63.0,88.0,126.0,1,1,2,1,3,1
5,41.0,1,2,2,1,2,1,3,3,76.0,43.0,91.0,51.0,No Data,80.0,1,1,1,1,1,2,1.2,Avocado,2019-03-29,2,2,1,2,1,3,3,76.0,43.0,91.0,51.0,No Data,80.0,127.0,1,1,1,1,1,2
5,54.0,2,2,1,1,4,2,5,4,No Data,68.0,60.0,84.0,54.0,92.0,1,2,2,3,3,3,0.8,Green beans,2019-11-26,2,1,1,4,2,5,4,No Data,68.0,60.0,84.0,54.0,92.0,128.0,1,2,2,3,3,3
5,59.0,2,1,1,1,4,1,1,4,66.0,58.0,63.0,61.0,64.0,85.0,1,2,1,3,2,3,0.8,Lettuce,2019-12-04,1,1,1,4,1,1,4,66.0,58.0,63.0,61.0,64.0,85.0,129.0,1,2,1,3,2,3
5,34.0,1,1,1,1,4,5,3,1,65.0,65.0,84.0,77.0,66.0,93.0,2,1,3,1,3,1,1.2,Tomato,2019-05-05,1,1,1,4,5,3,1,65.0,65.0,84.0,77.0,66.0,93.0,130.0,2,1,3,1,3,1
5,No Data,2,2,1,1,4,5,3,4,75.0,54.0,71.0,67.0,74.0,81.0,1,1,1,1,2,2,0.8,Onion,2019-02-28,2,1,1,4,5,3,4,75.0,54.0,71.0,67.0,74.0,81.0,131.0,1,1,1,1,2,2
5,28.0,1,1,2,-1,1,1,4,5,79.0,83.0,81.0,58.0,65.0,86.0,2,1,3,1,3,1,1.2,Carrot,2019-06-15,1,2,-1,1,1,4,5,79.0,83.0,81.0,58.0,65.0,86.0,No Data,2,1,3,1,3,1
5,18.0,-1,1,-1,2,4,1,5,3,80.0,36.0,61.0,80.0,86.0,82.0,1,-1,2,-1,3,-1,1.2,Carrot,2019-02-12,1,-1,2,4,1,5,3,80.0,36.0,61.0,80.0,86.0,82.0,133.0,1,-1,2,-1,3,-1
5,26.0,1,1,1,1,4,4,5,4,76.0,60.0,92.0,71.0,52.0,91.0,1,1,1,2,2,3,1.2,Green beans,2019-10-30,1,1,1,4,4,5,4,76.0,60.0,92.0,71.0,52.0,91.0,134.0,1,1,1,2,2,3
5,62.0,2,1,1,1,4,1,-1,4,80.0,86.0,68.0,79.0,88.0,80.0,2,2,3,3,3,3,0.8,Carrot,2019-03-29,1,1,1,4,1,-1,4,80.0,86.0,68.0,79.0,88.0,80.0,135.0,2,2,3,3,3,3
5,64.0,2,2,1,2,5,1,5,4,81.0,84.0,68.0,64.0,64.0,91.0,1,2,2,3,3,3,0.8,Carrot,2019-07-02,2,1,2,5,1,5,4,81.0,84.0,68.0,64.0,64.0,91.0,136.0,1,2,2,3,3,3
5,22.0,1,1,1,1,4,4,1,3,74.0,No Data,77.0,63.0,68.0,87.0,1,2,2,3,3,3,1.2,Pepper,2019-05-28,1,1,1,4,4,1,3,74.0,No Data,77.0,63.0,68.0,87.0,137.0,1,2,2,3,3,3
5,46.0,1,1,1,1,2,3,3,4,83.0,57.0,94.0,56.0,74.0,88.0,2,2,3,3,3,3,1.2,Carrot,2019-10-06,1,1,1,2,3,3,4,83.0,57.0,94.0,56.0,74.0,88.0,138.0,2,2,3,3,3,3
5,45.0,2,2,2,1,4,1,3,4,88.0,76.0,92.0,57.0,64.0,80.0,1,1,1,1,1,2,0.8,Avocado,2019-12-21,2,2,1,4,1,3,4,88.0,76.0,92.0,57.0,64.0,80.0,139.0,1,1,1,1,1,2
5,34.0,2,1,2,2,-1,3,3,5,79.0,51.0,No Data,81.0,78.0,89.0,1,-1,2,-1,3,-1,0.8,Onion,2019-12-10,1,2,2,-1,3,3,5,79.0,51.0,No Data,81.0,78.0,89.0,140.0,1,-1,2,-1,3,-1
5,33.0,1,2,2,1,-1,2,3,4,64.0,63.0,90.0,55.0,54.0,82.0,1,2,2,3,3,3,1.2,Carrot,2019-06-03,2,2,1,-1,2,3,4,64.0,63.0,90.0,55.0,54.0,82.0,141.0,1,2,2,3,3,3
5,45.0,1,1,2,1,5,4,3,1,65.0,58.0,77.0,61.0,69.0,85.0,1,2,2,3,3,3,1.2,Avocado,2019-07-14,1,2,1,5,4,3,1,65.0,58.0,77.0,61.0,69.0,85.0,No Data,1,2,2,3,3,3
5,24.0,2,-1,2,1,4,5,4,3,86.0,50.0,73.0,No Data,52.0,90.0,1,1,2,1,3,2,0.8,No Data,2019-07-02,-1,2,1,4,5,4,3,86.0,50.0,73.0,No Data,52.0,90.0,143.0,1,1,2,1,3,2
5,28.0,1,1,1,1,4,3,4,2,70.0,39.0,66.0,65.0,79.0,92.0,2,2,3,3,3,3,1.2,Green beans,2019-11-11,1,1,1,4,3,4,2,70.0,39.0,66.0,65.0,79.0,92.0,144.0,2,2,3,3,3,3
5,19.0,-1,1,1,2,2,4,5,4,63.0,93.0,70.0,91.0,58.0,88.0,1,1,2,1,3,2,0.8,Lettuce,2019-07-17,1,1,2,2,4,5,4,63.0,93.0,70.0,91.0,58.0,88.0,145.0,1,1,2,1,3,2
5,60.0,2,2,1,1,5,2,5,3,77.0,74.0,86.0,73.0,81.0,83.0,1,2,1,3,2,3,0.8,Lettuce,2019-07-17,2,1,1,5,2,5,3,77.0,74.0,86.0,73.0,81.0,83.0,146.0,1,2,1,3,2,3
5,44.0,1,2,1,1,1,3,3,4,87.0,90.0,66.0,78.0,75.0,95.0,1,2,2,3,3,3,1.2,Lettuce,2019-07-26,2,1,1,1,3,3,4,87.0,90.0,66.0,78.0,75.0,95.0,147.0,1,2,2,3,3,3
5,59.0,2,2,1,1,5,4,4,-1,69.0,71.0,86.0,91.0,64.0,86.0,1,2,2,3,3,3,0.8,Carrot,2019-02-16,2,1,1,5,4,4,-1,69.0,71.0,86.0,91.0,64.0,86.0,148.0,1,2,2,3,3,3
5,18.0,2,-1,-1,1,-1,4,3,4,61.0,86.0,65.0,58.0,61.0,86.0,1,-1,2,-1,3,-1,0.8,Avocado,2019-12-10,-1,-1,1,-1,4,3,4,61.0,86.0,65.0,58.0,61.0,86.0,149.0,1,-1,2,-1,3,-1
5,50.0,2,1,1,1,4,3,3,2,71.0,94.0,63.0,76.0,55.0,No Data,1,2,2,3,3,3,0.8,No Data,2019-04-24,1,1,1,4,3,3,2,71.0,94.0,63.0,76.0,55.0,No Data,150.0,1,2,2,3,3,3
6,61.0,2,2,2,2,4,1,1,3,No Data,57.0,87.0,87.0,65.0,80.0,1,2,1,3,1,3,0.8,Green beans,2019-09-21,2,2,2,4,1,1,3,No Data,57.0,87.0,87.0,65.0,80.0,151.0,1,2,1,3,1,3
6,31.0,2,1,2,-1,2,1,5,4,86.0,92.0,71.0,89.0,59.0,85.0,1,2,2,3,3,3,0.8,Pepper,2019-04-13,1,2,-1,2,1,5,4,86.0,92.0,71.0,89.0,59.0,85.0,152.0,1,2,2,3,3,3
6,57.0,-1,2,1,1,4,3,5,4,75.0,77.0,75.0,82.0,66.0,81.0,1,2,1,3,-1,3,0.8,Tomato,2019-09-27,2,1,1,4,3,5,4,75.0,77.0,75.0,82.0,66.0,81.0,153.0,1,2,1,3,-1,3
6,51.0,1,1,2,1,-1,4,3,4,75.0,99.0,67.0,58.0,63.0,92.0,2,2,3,3,3,3,1.2,Onion,2019-03-29,1,2,1,-1,4,3,4,75.0,99.0,67.0,58.0,63.0,92.0,154.0,2,2,3,3,3,3
6,64.0,1,2,1,1,4,1,3,4,67.0,93.0,84.0,68.0,70.0,No Data,1,1,1,1,2,1,1.2,Green beans,2019-04-05,2,1,1,4,1,3,4,67.0,93.0,84.0,68.0,70.0,No Data,155.0,1,1,1,1,2,1
6,47.0,1,2,-1,1,3,1,3,4,84.0,63.0,85.0,59.0,53.0,83.0,1,1,2,1,3,1,1.2,Green beans,2019-10-22,2,-1,1,3,1,3,4,84.0,63.0,85.0,59.0,53.0,83.0,156.0,1,1,2,1,3,1
6,64.0,2,1,1,1,3,1,5,4,77.0,99.0,78.0,54.0,No Data,93.0,1,1,1,1,1,1,0.8,Lettuce,2019-10-04,1,1,1,3,1,5,4,77.0,99.0,78.0,54.0,No Data,93.0,157.0,1,1,1,1,1,1
6,37.0,2,2,1,1,1,4,5,5,63.0,No Data,74.0,92.0,71.0,88.0,1,2,1,3,2,3,0.8,Pepper,2019-05-29,2,1,1,1,4,5,5,63.0,No Data,74.0,92.0,71.0,88.0,158.0,1,2,1,3,2,3
6,41.0,2,2,1,1,4,4,5,2,83.0,60.0,88.0,91.0,63.0,93.0,2,2,3,3,3,3,0.8,Tomato,2019-07-13,2,1,1,4,4,5,2,83.0,60.0,88.0,91.0,63.0,93.0,159.0,2,2,3,3,3,3
6,53.0,2,2,1,1,4,3,3,4,61.0,42.0,63.0,80.0,61.0,81.0,1,2,2,3,3,3,0.8,Green beans,2019-05-14,2,1,1,4,3,3,4,61.0,42.0,63.0,80.0,61.0,81.0,160.0,1,2,2,3,3,3
6,20.0,2,1,1,1,4,2,3,4,89.0,85.0,No Data,55.0,60.0,90.0,2,1,3,1,3,1,0.8,Tomato,2019-03-27,1,1,1,4,2,3,4,89.0,85.0,No Data,55.0,60.0,90.0,161.0,2,1,3,1,3,1
6,53.0,1,1,1,1,4,1,3,4,65.0,72.0,64.0,88.0,73.0,83.0,2,2,3,3,3,3,1.2,Lettuce,2019-09-24,1,1,1,4,1,3,4,65.0,72.0,64.0,88.0,73.0,83.0,162.0,2,2,3,3,3,3
6,61.0,2,2,1,1,2,1,5,2,88.0,40.0,83.0,52.0,No Data,87.0,2,1,3,1,3,1,0.8,Avocado,2019-08-26,2,1,1,2,1,5,2,88.0,40.0,83.0,52.0,No Data,87.0,163.0,2,1,3,1,3,1
6,21.0,2,1,1,1,1,5,5,3,82.0,97.0,85.0,81.0,No Data,No Data,2,2,3,3,3,3,0.8,Green beans,2019-03-18,1,1,1,1,5,5,3,82.0,97.0,85.0,81.0,No Data,No Data,164.0,2,2,3,3,3,3
6,53.0,2,1,2,1,4,2,3,4,79.0,67.0,86.0,No Data,73.0,89.0,-1,1,-1,1,-1,1,0.8,Green beans,2019-09-17,1,2,1,4,2,3,4,79.0,67.0,86.0,No Data,73.0,89.0,165.0,-1,1,-1,1,-1,1
6,35.0,2,1,1,2,4,1,5,4,63.0,66.0,60.0,62.0,58.0,91.0,1,2,2,3,3,3,0.8,Carrot,2019-12-09,1,1,2,4,1,5,4,63.0,66.0,60.0,62.0,58.0,91.0,166.0,1,2,2,3,3,3
6,No Data,1,2,1,1,1,2,1,4,60.0,88.0,73.0,69.0,60.0,83.0,1,1,2,1,3,-1,1.2,Green beans,2019-11-19,2,1,1,1,2,1,4,60.0,88.0,73.0,69.0,60.0,83.0,167.0,1,1,2,1,3,-1
6,No Data,1,1,1,1,1,1,5,4,61.0,54.0,73.0,63.0,53.0,83.0,1,2,2,3,3,3,1.2,Pepper,2019-02-19,1,1,1,1,1,5,4,61.0,54.0,73.0,63.0,53.0,83.0,168.0,1,2,2,3,3,3
6,40.0,2,1,1,2,-1,4,3,4,62.0,89.0,72.0,85.0,83.0,86.0,2,2,3,3,3,3,0.8,Carrot,No Data,1,1,2,-1,4,3,4,62.0,89.0,72.0,85.0,83.0,86.0,No Data,2,2,3,3,3,3
6,64.0,1,2,1,1,1,1,1,4,62.0,71.0,83.0,No Data,51.0,90.0,1,2,2,3,3,3,1.2,Tomato,2019-08-30,2,1,1,1,1,1,4,62.0,71.0,83.0,No Data,51.0,90.0,170.0,1,2,2,3,3,3
6,59.0,1,2,1,1,1,1,3,4,76.0,93.0,87.0,53.0,59.0,82.0,1,1,2,1,3,1,1.2,Onion,2019-08-05,2,1,1,1,1,3,4,76.0,93.0,87.0,53.0,59.0,82.0,171.0,1,1,2,1,3,1
6,48.0,2,2,1,1,3,5,-1,5,71.0,74.0,69.0,68.0,55.0,88.0,2,2,3,3,3,3,0.8,Tomato,2019-09-28,2,1,1,3,5,-1,5,71.0,74.0,69.0,68.0,55.0,88.0,172.0,2,2,3,3,3,3
6,51.0,2,2,1,1,4,1,3,1,69.0,99.0,78.0,54.0,55.0,88.0,1,-1,1,-1,1,-1,0.8,Pepper,2019-04-20,2,1,1,4,1,3,1,69.0,99.0,78.0,54.0,55.0,88.0,No Data,1,-1,1,-1,1,-1
6,38.0,2,1,2,1,5,4,3,3,79.0,79.0,92.0,88.0,76.0,91.0,2,2,3,3,3,3,0.8,Onion,2019-07-24,1,2,1,5,4,3,3,79.0,79.0,92.0,88.0,76.0,91.0,174.0,2,2,3,3,3,3
6,60.0,1,1,1,1,-1,1,5,4,82.0,56.0,75.0,65.0,53.0,No Data,2,1,3,1,3,2,1.2,Onion,2019-01-26,1,1,1,-1,1,5,4,82.0,56.0,75.0,65.0,53.0,No Data,175.0,2,1,3,1,3,2
6,29.0,2,1,2,1,-1,4,3,3,66.0,43.0,74.0,93.0,52.0,84.0,-1,-1,-1,-1,-1,-1,0.8,Lettuce,2019-08-06,1,2,1,-1,4,3,3,66.0,43.0,74.0,93.0,52.0,84.0,176.0,-1,-1,-1,-1,-1,-1
6,33.0,1,2,2,1,4,4,3,5,69.0,46.0,60.0,51.0,70.0,94.0,1,1,1,2,-1,3,1.2,Carrot,2019-06-18,2,2,1,4,4,3,5,69.0,46.0,60.0,51.0,70.0,94.0,177.0,1,1,1,2,-1,3
6,37.0,2,2,2,1,5,3,3,3,86.0,76.0,77.0,61.0,69.0,93.0,2,2,3,3,3,3,0.8,Lettuce,2019-09-22,2,2,1,5,3,3,3,86.0,76.0,77.0,61.0,69.0,93.0,178.0,2,2,3,3,3,3
6,37.0,1,2,1,1,4,1,3,4,80.0,62.0,67.0,93.0,63.0,85.0,1,2,2,3,3,3,1.2,Onion,2019-08-12,2,1,1,4,1,3,4,80.0,62.0,67.0,93.0,63.0,85.0,179.0,1,2,2,3,3,3
6,57.0,2,-1,2,2,4,4,3,4,74.0,46.0,63.0,83.0,73.0,90.0,1,2,1,3,1,3,0.8,Carrot,2019-05-31,-1,2,2,4,4,3,4,74.0,46.0,63.0,83.0,73.0,90.0,180.0,1,2,1,3,1,3
7,29.0,2,-1,2,-1,3,5,3,4,88.0,93.0,89.0,79.0,61.0,90.0,2,1,3,1,3,1,0.8,Avocado,2019-08-31,-1,2,-1,3,5,3,4,88.0,93.0,89.0,79.0,61.0,90.0,181.0,2,1,3,1,3,1
7,48.0,2,2,2,1,2,4,5,4,64.0,86.0,64.0,67.0,59.0,80.0,1,1,2,1,3,2,0.8,No Data,2019-10-09,2,2,1,2,4,5,4,64.0,86.0,64.0,67.0,59.0,80.0,182.0,1,1,2,1,3,2
7,47.0,1,2,1,1,1,1,4,3,82.0,40.0,No Data,84.0,67.0,81.0,1,2,2,3,3,3,1.2,Pepper,2019-01-29,2,1,1,1,1,4,3,82.0,40.0,No Data,84.0,67.0,81.0,183.0,1,2,2,3,3,3
7,25.0,1,1,1,1,4,3,3,3,78.0,45.0,83.0,90.0,75.0,93.0,2,1,3,1,3,1,1.2,Pepper,2019-06-30,1,1,1,4,3,3,3,78.0,45.0,83.0,90.0,75.0,93.0,184.0,2,1,3,1,3,1
7,50.0,1,1,1,1,1,1,3,4,90.0,97.0,64.0,80.0,60.0,No Data,2,2,3,3,3,3,1.2,Pepper,2019-11-15,1,1,1,1,1,3,4,90.0,97.0,64.0,80.0,60.0,No Data,185.0,2,2,3,3,3,3
7,53.0,1,2,1,1,4,1,3,4,76.0,69.0,84.0,76.0,51.0,81.0,2,2,3,3,3,3,1.2,Onion,2019-01-18,2,1,1,4,1,3,4,76.0,69.0,84.0,76.0,51.0,81.0,186.0,2,2,3,3,3,3
7,37.0,2,2,2,1,4,1,5,-1,89.0,91.0,89.0,50.0,51.0,83.0,1,1,1,1,2,1,0.8,Lettuce,2019-07-24,2,2,1,4,1,5,-1,89.0,91.0,89.0,50.0,51.0,83.0,187.0,1,1,1,1,2,1
7,43.0,2,2,1,2,-1,1,-1,4,65.0,88.0,61.0,75.0,54.0,85.0,1,2,2,3,3,3,0.8,Green beans,2019-02-12,2,1,2,-1,1,-1,4,65.0,88.0,61.0,75.0,54.0,85.0,No Data,1,2,2,3,3,3
7,22.0,1,1,-1,1,1,1,3,4,75.0,83.0,82.0,77.0,No Data,83.0,2,2,3,3,3,3,1.2,Lettuce,2019-02-28,1,-1,1,1,1,3,4,75.0,83.0,82.0,77.0,No Data,83.0,189.0,2,2,3,3,3,3
7,47.0,2,2,1,1,1,5,3,3,63.0,71.0,62.0,64.0,86.0,94.0,1,1,1,1,2,1,0.8,Carrot,No Data,2,1,1,1,5,3,3,63.0,71.0,62.0,64.0,86.0,94.0,190.0,1,1,1,1,2,1
7,27.0,1,2,1,1,4,5,3,4,64.0,42.0,87.0,86.0,53.0,92.0,2,2,3,3,3,3,1.2,Onion,2019-10-30,2,1,1,4,5,3,4,64.0,42.0,87.0,86.0,53.0,92.0,191.0,2,2,3,3,3,3
7,43.0,1,2,2,1,4,4,1,-1,70.0,91.0,61.0,55.0,57.0,85.0,2,2,3,3,3,3,1.2,Onion,2019-04-26,2,2,1,4,4,1,-1,70.0,91.0,61.0,55.0,57.0,85.0,192.0,2,2,3,3,3,3
7,47.0,1,2,1,1,4,1,4,3,74.0,33.0,67.0,82.0,52.0,86.0,2,2,3,3,3,3,1.2,Onion,2019-09-25,2,1,1,4,1,4,3,74.0,33.0,67.0,82.0,52.0,86.0,193.0,2,2,3,3,3,3
7,56.0,2,1,1,2,-1,1,3,4,63.0,33.0,66.0,86.0,52.0,84.0,1,1,-1,1,-1,1,0.8,Lettuce,2019-02-15,1,1,2,-1,1,3,4,63.0,33.0,66.0,86.0,52.0,84.0,194.0,1,1,-1,1,-1,1
7,51.0,2,2,-1,1,4,1,3,5,83.0,55.0,75.0,88.0,50.0,84.0,2,1,3,2,3,3,0.8,Green beans,2019-12-13,2,-1,1,4,1,3,5,83.0,55.0,75.0,88.0,50.0,84.0,195.0,2,1,3,2,3,3
7,35.0,2,1,1,2,4,4,5,3,No Data,61.0,66.0,88.0,58.0,No Data,1,2,2,3,3,3,0.8,Carrot,2019-05-02,1,1,2,4,4,5,3,No Data,61.0,66.0,88.0,58.0,No Data,196.0,1,2,2,3,3,3
7,54.0,1,2,1,1,4,1,1,5,61.0,85.0,70.0,No Data,50.0,80.0,1,2,2,3,3,3,1.2,Green beans,2019-09-01,2,1,1,4,1,1,5,61.0,85.0,70.0,No Data,50.0,80.0,197.0,1,2,2,3,3,3
7,42.0,2,2,1,2,4,2,5,4,83.0,46.0,79.0,82.0,51.0,86.0,1,2,-1,3,-1,3,0.8,Avocado,2019-05-02,2,1,2,4,2,5,4,83.0,46.0,79.0,82.0,51.0,86.0,198.0,1,2,-1,3,-1,3
7,44.0,2,2,2,1,2,-1,3,4,73.0,87.0,73.0,52.0,58.0,83.0,1,2,2,3,3,3,0.8,Green beans,2019-07-25,2,2,1,2,-1,3,4,73.0,87.0,73.0,52.0,58.0,83.0,199.0,1,2,2,3,3,3
7,60.0,2,1,2,2,4,1,3,-1,63.0,31.0,71.0,63.0,57.0,83.0,1,2,1,3,1,3,0.8,Avocado,2019-03-14,1,2,2,4,1,3,-1,63.0,31.0,71.0,63.0,57.0,83.0,200.0,1,2,1,3,1,3
7,41.0,2,1,1,1,2,1,3,4,88.0,56.0,76.0,80.0,56.0,83.0,2,2,3,3,3,3,0.8,Lettuce,2019-09-29,1,1,1,2,1,3,4,88.0,56.0,76.0,80.0,56.0,83.0,201.0,2,2,3,3,3,3
7,36.0,2,1,2,-1,4,4,3,4,83.0,57.0,77.0,80.0,62.0,92.0,1,2,2,3,3,3,0.8,Carrot,2019-03-12,1,2,-1,4,4,3,4,83.0,57.0,77.0,80.0,62.0,92.0,202.0,1,2,2,3,3,3
7,59.0,2,2,1,2,2,1,5,3,76.0,68.0,67.0,81.0,56.0,85.0,1,2,1,3,2,3,0.8,Onion,2019-10-09,2,1,2,2,1,5,3,76.0,68.0,67.0,81.0,56.0,85.0,203.0,1,2,1,3,2,3
7,37.0,1,1,1,1,2,3,4,4,81.0,48.0,86.0,84.0,No Data,No Data,-1,2,-1,3,-1,3,1.2,Pepper,2019-11-03,1,1,1,2,3,4,4,81.0,48.0,86.0,84.0,No Data,No Data,204.0,-1,2,-1,3,-1,3
7,50.0,2,2,1,1,3,5,5,3,77.0,88.0,75.0,67.0,54.0,91.0,1,2,2,3,3,3,0.8,Green beans,2019-09-08,2,1,1,3,5,5,3,77.0,88.0,75.0,67.0,54.0,91.0,205.0,1,2,2,3,3,3
7,54.0,1,2,1,1,1,4,3,3,66.0,93.0,92.0,69.0,64.0,83.0,2,2,3,3,3,3,1.2,Lettuce,2019-04-21,2,1,1,1,4,3,3,66.0,93.0,92.0,69.0,64.0,83.0,206.0,2,2,3,3,3,3
7,54.0,2,2,1,1,2,4,5,5,74.0,46.0,79.0,88.0,71.0,85.0,2,2,3,3,3,3,0.8,Lettuce,2019-01-05,2,1,1,2,4,5,5,74.0,46.0,79.0,88.0,71.0,85.0,207.0,2,2,3,3,3,3
7,44.0,1,-1,2,1,1,2,3,4,72.0,42.0,80.0,69.0,50.0,81.0,1,1,2,1,3,1,1.2,Avocado,2019-02-16,-1,2,1,1,2,3,4,72.0,42.0,80.0,69.0,50.0,81.0,208.0,1,1,2,1,3,1
7,27.0,2,1,2,2,2,5,5,3,65.0,42.0,78.0,91.0,65.0,86.0,1,2,2,3,3,3,0.8,Avocado,2019-04-28,1,2,2,2,5,5,3,65.0,42.0,78.0,91.0,65.0,86.0,209.0,1,2,2,3,3,3
7,50.0,2,2,2,1,5,5,4,4,70.0,87.0,72.0,64.0,72.0,90.0,2,2,3,3,3,3,0.8,Lettuce,2019-06-18,2,2,1,5,5,4,4,70.0,87.0,72.0,64.0,72.0,90.0,210.0,2,2,3,3,3,3
